,Label,tweet,Tokenization,Stop_Removal,Tweet_Stemmed
0,Negatif, ada apa ni ko ada taggar  goodbyejokowi,"['', 'ada', 'apa', 'ni', 'ko', 'ada', 'taggar', 'goodbyejokowi']","['', 'ni', 'ko', 'taggar', 'goodbyejokowi']","['', 'ni', 'ko', 'taggar', 'goodbyejokowi']"
1,Negatif, sst   goodbyejokowi  goodbyejokowi,"['', 'sst', 'goodbyejokowi', 'goodbyejokowi']","['', 'sst', 'goodbyejokowi', 'goodbyejokowi']","['', 'sst', 'goodbyejokowi', 'goodbyejokowi']"
2,Negatif, jangan biarkan mahasiswa bergerak sendirian  rakyat buruh dan stm bersatulah dalam   barisan  goodbyejokowi  goodbyejokowi,"['', 'jangan', 'biarkan', 'mahasiswa', 'bergerak', 'sendirian', 'rakyat', 'buruh', 'dan', 'stm', 'bersatulah', 'dalam', 'barisan', 'goodbyejokowi', 'goodbyejokowi']","['', 'biarkan', 'mahasiswa', 'bergerak', 'rakyat', 'buruh', 'stm', 'bersatulah', 'barisan', 'goodbyejokowi', 'goodbyejokowi']","['', 'biar', 'mahasiswa', 'gerak', 'rakyat', 'buruh', 'stm', 'satu', 'baris', 'goodbyejokowi', 'goodbyejokowi']"
3,Negatif, two period it s been so long  i can t wait anymore goodbyejokowi  goodbyejokowi,"['', 'two', 'period', 'it', 's', 'been', 'so', 'long', 'i', 'can', 't', 'wait', 'anymore', 'goodbyejokowi', 'goodbyejokowi']","['', 'two', 'period', 'it', 's', 'been', 'so', 'long', 'i', 'can', 't', 'wait', 'anymore', 'goodbyejokowi', 'goodbyejokowi']","['', 'two', 'period', 'it', 's', 'been', 'so', 'long', 'i', 'can', 't', 'wait', 'anymore', 'goodbyejokowi', 'goodbyejokowi']"
4,Negatif,di era jokowi nasakom dihidupkan kembali  islam dan ummat islam disingkirkan  dakwah dan ajaran islam dipelintir menjadi  islam nusantara ulama dan tokoh islam dipenjarakan  saatnya revolusi rakyat  menghacurkan rezim jokowi yg tirani  goodbyejokowi goodbyejokowi,"['di', 'era', 'jokowi', 'nasakom', 'dihidupkan', 'kembali', 'islam', 'dan', 'ummat', 'islam', 'disingkirkan', 'dakwah', 'dan', 'ajaran', 'islam', 'dipelintir', 'menjadi', 'islam', 'nusantara', 'ulama', 'dan', 'tokoh', 'islam', 'dipenjarakan', 'saatnya', 'revolusi', 'rakyat', 'menghacurkan', 'rezim', 'jokowi', 'yg', 'tirani', 'goodbyejokowi', 'goodbyejokowi']","['era', 'jokowi', 'nasakom', 'dihidupkan', 'islam', 'ummat', 'islam', 'disingkirkan', 'dakwah', 'ajaran', 'islam', 'dipelintir', 'islam', 'nusantara', 'ulama', 'tokoh', 'islam', 'dipenjarakan', 'revolusi', 'rakyat', 'menghacurkan', 'rezim', 'jokowi', 'yg', 'tirani', 'goodbyejokowi', 'goodbyejokowi']","['era', 'jokowi', 'nasakom', 'hidup', 'islam', 'ummat', 'islam', 'singkir', 'dakwah', 'ajar', 'islam', 'pelintir', 'islam', 'nusantara', 'ulama', 'tokoh', 'islam', 'penjara', 'revolusi', 'rakyat', 'menghacurkan', 'rezim', 'jokowi', 'yg', 'tirani', 'goodbyejokowi', 'goodbyejokowi']"
5,Negatif,hampir tiap hari ada trand di minta mundurr  tapi sampai saat ini seperti ngak dihiraukan         apa dia tdk tahu atau pura pura tdk tahu  goodbyejokowi,"['hampir', 'tiap', 'hari', 'ada', 'trand', 'di', 'minta', 'mundurr', 'tapi', 'sampai', 'saat', 'ini', 'seperti', 'ngak', 'dihiraukan', 'apa', 'dia', 'tdk', 'tahu', 'atau', 'pura', 'pura', 'tdk', 'tahu', 'goodbyejokowi']","['trand', 'mundurr', 'ngak', 'dihiraukan', 'tdk', 'pura', 'pura', 'tdk', 'goodbyejokowi']","['trand', 'mundurr', 'ngak', 'hirau', 'tdk', 'pura', 'pura', 'tdk', 'goodbyejokowi']"
6,Positif, satu bangsa satu tanah air satu kata goodbyejokowi,"['', 'satu', 'bangsa', 'satu', 'tanah', 'air', 'satu', 'kata', 'goodbyejokowi']","['', 'bangsa', 'tanah', 'air', 'goodbyejokowi']","['', 'bangsa', 'tanah', 'air', 'goodbyejokowi']"
7,Negatif,      oo  jadi ginii       nah iya gitu  emote batu mana nii goodbyejokowi inisialm berkahramadhanditvone,"['', 'oo', 'jadi', 'ginii', 'nah', 'iya', 'gitu', 'emote', 'batu', 'mana', 'nii', 'goodbyejokowi', 'inisialm', 'berkahramadhanditvone']","['', 'oo', 'ginii', 'iya', 'gitu', 'emote', 'batu', 'nii', 'goodbyejokowi', 'inisialm', 'berkahramadhanditvone']","['', 'oo', 'ginii', 'iya', 'gitu', 'emote', 'batu', 'nii', 'goodbyejokowi', 'inisialm', 'berkahramadhanditvone']"
8,Positif, aamiin ya rob          mdh an mak       trade mark    goodbyejokowi  goodbyejokowi,"['', 'aamiin', 'ya', 'rob', 'mdh', 'an', 'mak', 'trade', 'mark', 'goodbyejokowi', 'goodbyejokowi']","['', 'aamiin', 'ya', 'rob', 'mdh', 'an', 'mak', 'trade', 'mark', 'goodbyejokowi', 'goodbyejokowi']","['', 'aamiin', 'ya', 'rob', 'mdh', 'an', 'mak', 'trade', 'mark', 'goodbyejokowi', 'goodbyejokowi']"
9,Positif,agar semua berjalan normal kembali goodbyejokowi  goodbyejokowi,"['agar', 'semua', 'berjalan', 'normal', 'kembali', 'goodbyejokowi', 'goodbyejokowi']","['berjalan', 'normal', 'goodbyejokowi', 'goodbyejokowi']","['jalan', 'normal', 'goodbyejokowi', 'goodbyejokowi']"
10,Positif,kompromi aksi reformasi   goodbyejokowi,"['kompromi', 'aksi', 'reformasi', 'goodbyejokowi']","['kompromi', 'aksi', 'reformasi', 'goodbyejokowi']","['kompromi', 'aksi', 'reformasi', 'goodbyejokowi']"
11,Negatif,  turunkan jokowi goodbyejokowi  goodbyejokowi,"['', 'turunkan', 'jokowi', 'goodbyejokowi', 'goodbyejokowi']","['', 'turunkan', 'jokowi', 'goodbyejokowi', 'goodbyejokowi']","['', 'turun', 'jokowi', 'goodbyejokowi', 'goodbyejokowi']"
12,Negatif,semua pada naik goodbyejokowi  ,"['semua', 'pada', 'naik', 'goodbyejokowi', '']","['goodbyejokowi', '']","['goodbyejokowi', '']"
13,Negatif, musuh kita bukan ras dan agama yang berbeda  tapi penguasa zalim yang akan menghancurkan kedamaian dunia goodbyejokowi  goodbyejokowi,"['', 'musuh', 'kita', 'bukan', 'ras', 'dan', 'agama', 'yang', 'berbeda', 'tapi', 'penguasa', 'zalim', 'yang', 'akan', 'menghancurkan', 'kedamaian', 'dunia', 'goodbyejokowi', 'goodbyejokowi']","['', 'musuh', 'ras', 'agama', 'berbeda', 'penguasa', 'zalim', 'menghancurkan', 'kedamaian', 'dunia', 'goodbyejokowi', 'goodbyejokowi']","['', 'musuh', 'ras', 'agama', 'beda', 'kuasa', 'zalim', 'hancur', 'damai', 'dunia', 'goodbyejokowi', 'goodbyejokowi']"
14,Negatif,inisial pelawak  m  gw yakin bukan bang malih      sehat terus bang malih tongtong goodbyejokowi  ,"['inisial', 'pelawak', 'm', 'gw', 'yakin', 'bukan', 'bang', 'malih', 'sehat', 'terus', 'bang', 'malih', 'tongtong', 'goodbyejokowi', '']","['inisial', 'pelawak', 'm', 'gw', 'bang', 'malih', 'sehat', 'bang', 'malih', 'tongtong', 'goodbyejokowi', '']","['inisial', 'lawak', 'm', 'gw', 'bang', 'malih', 'sehat', 'bang', 'malih', 'tongtong', 'goodbyejokowi', '']"
15,Negatif,gak apa  di hari lebaran gak ada baju baru  yang penting di hari lebaran ada presiden baru goodbyejokowi  goodbyejokowi,"['gak', 'apa', 'di', 'hari', 'lebaran', 'gak', 'ada', 'baju', 'baru', 'yang', 'penting', 'di', 'hari', 'lebaran', 'ada', 'presiden', 'baru', 'goodbyejokowi', 'goodbyejokowi']","['gak', 'lebaran', 'gak', 'baju', 'lebaran', 'presiden', 'goodbyejokowi', 'goodbyejokowi']","['gak', 'lebaran', 'gak', 'baju', 'lebaran', 'presiden', 'goodbyejokowi', 'goodbyejokowi']"
16,Positif,assalamu alaikum   hempaskan kotoran penyakit di dalam hati karena orang yang memendam dendam dan benci itu akan terasa capek sendiri terlebih orang yang kamu tuju terlihat baik baik saja bahkan tersenyum tanpa membalas kebencianmu  goodbyejokowi,"['assalamu', 'alaikum', 'hempaskan', 'kotoran', 'penyakit', 'di', 'dalam', 'hati', 'karena', 'orang', 'yang', 'memendam', 'dendam', 'dan', 'benci', 'itu', 'akan', 'terasa', 'capek', 'sendiri', 'terlebih', 'orang', 'yang', 'kamu', 'tuju', 'terlihat', 'baik', 'baik', 'saja', 'bahkan', 'tersenyum', 'tanpa', 'membalas', 'kebencianmu', 'goodbyejokowi']","['assalamu', 'alaikum', 'hempaskan', 'kotoran', 'penyakit', 'hati', 'orang', 'memendam', 'dendam', 'benci', 'capek', 'orang', 'tuju', 'tersenyum', 'membalas', 'kebencianmu', 'goodbyejokowi']","['assalamu', 'alaikum', 'hempas', 'kotor', 'sakit', 'hati', 'orang', 'pendam', 'dendam', 'benci', 'capek', 'orang', 'tuju', 'senyum', 'balas', 'benci', 'goodbyejokowi']"
17,Negatif, jika jokowi tidak dilengserkan secepatnya  jokowi akan terus menindas kita dan jokowi akan terus menggunakan buzzerp untuk memenjarakan siapa saja yang menentangnya  kita semua bisa kena goodbyejokowi  goodbyejokowi,"['', 'jika', 'jokowi', 'tidak', 'dilengserkan', 'secepatnya', 'jokowi', 'akan', 'terus', 'menindas', 'kita', 'dan', 'jokowi', 'akan', 'terus', 'menggunakan', 'buzzerp', 'untuk', 'memenjarakan', 'siapa', 'saja', 'yang', 'menentangnya', 'kita', 'semua', 'bisa', 'kena', 'goodbyejokowi', 'goodbyejokowi']","['', 'jokowi', 'dilengserkan', 'secepatnya', 'jokowi', 'menindas', 'jokowi', 'buzzerp', 'memenjarakan', 'menentangnya', 'kena', 'goodbyejokowi', 'goodbyejokowi']","['', 'jokowi', 'lengser', 'cepat', 'jokowi', 'tindas', 'jokowi', 'buzzerp', 'penjara', 'tentang', 'kena', 'goodbyejokowi', 'goodbyejokowi']"
18,Positif,   april  insyah allah goodbyejokowi  goodbyejokowi  ,"['', 'april', 'insyah', 'allah', 'goodbyejokowi', 'goodbyejokowi', '']","['', 'april', 'insyah', 'allah', 'goodbyejokowi', 'goodbyejokowi', '']","['', 'april', 'insyah', 'allah', 'goodbyejokowi', 'goodbyejokowi', '']"
19,Positif,ga kaget sama tagar goodbyejokowi  coba liat beberapa hari terakhir yang terjadi di pakistan  sri lanka  dan masih banyak lagi ,"['ga', 'kaget', 'sama', 'tagar', 'goodbyejokowi', 'coba', 'liat', 'beberapa', 'hari', 'terakhir', 'yang', 'terjadi', 'di', 'pakistan', 'sri', 'lanka', 'dan', 'masih', 'banyak', 'lagi', '']","['ga', 'kaget', 'tagar', 'goodbyejokowi', 'coba', 'liat', 'pakistan', 'sri', 'lanka', '']","['ga', 'kaget', 'tagar', 'goodbyejokowi', 'coba', 'liat', 'pakistan', 'sri', 'lanka', '']"
20,Negatif,goodbyejokowi aku hanya ingin di permudah dan di penghasilkan jualan aja  ,"['goodbyejokowi', 'aku', 'hanya', 'ingin', 'di', 'permudah', 'dan', 'di', 'penghasilkan', 'jualan', 'aja', '']","['goodbyejokowi', 'permudah', 'penghasilkan', 'jualan', 'aja', '']","['goodbyejokowi', 'mudah', 'hasil', 'jual', 'aja', '']"
21,Positif,trending di indonesia twiter pagi ini goodbyejokowi  ,"['trending', 'di', 'indonesia', 'twiter', 'pagi', 'ini', 'goodbyejokowi', '']","['trending', 'indonesia', 'twiter', 'pagi', 'goodbyejokowi', '']","['trending', 'indonesia', 'twiter', 'pagi', 'goodbyejokowi', '']"
22,Negatif,semoga kita segera punya presiden baru yang berkualitas   panjang umur perjuangan   goodbyejokowi  ,"['semoga', 'kita', 'segera', 'punya', 'presiden', 'baru', 'yang', 'berkualitas', 'panjang', 'umur', 'perjuangan', 'goodbyejokowi', '']","['semoga', 'presiden', 'berkualitas', 'umur', 'perjuangan', 'goodbyejokowi', '']","['moga', 'presiden', 'kualitas', 'umur', 'juang', 'goodbyejokowi', '']"
23,Positif,semoga semoga perbuatan bapak  semasa menjabat kepala negara segera mendapat balasan serta teguran dari alloh swt   aminn  goodbyejokowi goodbyejokowi,"['semoga', 'semoga', 'perbuatan', 'bapak', 'semasa', 'menjabat', 'kepala', 'negara', 'segera', 'mendapat', 'balasan', 'serta', 'teguran', 'dari', 'alloh', 'swt', 'aminn', 'goodbyejokowi', 'goodbyejokowi']","['semoga', 'semoga', 'perbuatan', 'menjabat', 'kepala', 'negara', 'balasan', 'teguran', 'alloh', 'swt', 'aminn', 'goodbyejokowi', 'goodbyejokowi']","['moga', 'moga', 'buat', 'jabat', 'kepala', 'negara', 'balas', 'tegur', 'alloh', 'swt', 'aminn', 'goodbyejokowi', 'goodbyejokowi']"
24,Negatif,ayoo ikut turun dong warganet jgn berisik di medsos doang  tunjukkan kepedulian kalian untuk kebaikan negeri ini kita lengserkn pakde dkk bismillah semoga    april hr terakhr pakde jadi presiden aamiin allahumma aamiin          goodbyejokowi  goodbyejokowi  ,"['ayoo', 'ikut', 'turun', 'dong', 'warganet', 'jgn', 'berisik', 'di', 'medsos', 'doang', 'tunjukkan', 'kepedulian', 'kalian', 'untuk', 'kebaikan', 'negeri', 'ini', 'kita', 'lengserkn', 'pakde', 'dkk', 'bismillah', 'semoga', 'april', 'hr', 'terakhr', 'pakde', 'jadi', 'presiden', 'aamiin', 'allahumma', 'aamiin', 'goodbyejokowi', 'goodbyejokowi', '']","['ayoo', 'turun', 'warganet', 'jgn', 'berisik', 'medsos', 'doang', 'tunjukkan', 'kepedulian', 'kebaikan', 'negeri', 'lengserkn', 'pakde', 'dkk', 'bismillah', 'semoga', 'april', 'hr', 'terakhr', 'pakde', 'presiden', 'aamiin', 'allahumma', 'aamiin', 'goodbyejokowi', 'goodbyejokowi', '']","['ayoo', 'turun', 'warganet', 'jgn', 'berisik', 'medsos', 'doang', 'tunjuk', 'peduli', 'baik', 'negeri', 'lengserkn', 'pakde', 'dkk', 'bismillah', 'moga', 'april', 'hr', 'terakhr', 'pakde', 'presiden', 'aamiin', 'allahumma', 'aamiin', 'goodbyejokowi', 'goodbyejokowi', '']"
25,Negatif,  jokowiharusditurunkan  goodbyejokowi  tangkapsemuaantek rezimjokowiperusakbangsa,"['', 'jokowiharusditurunkan', 'goodbyejokowi', 'tangkapsemuaantek', 'rezimjokowiperusakbangsa']","['', 'jokowiharusditurunkan', 'goodbyejokowi', 'tangkapsemuaantek', 'rezimjokowiperusakbangsa']","['', 'jokowiharusditurunkan', 'goodbyejokowi', 'tangkapsemuaantek', 'rezimjokowiperusakbangsa']"
26,Negatif,kayak gini aje viral inisialm goodbyejokowi,"['kayak', 'gini', 'aje', 'viral', 'inisialm', 'goodbyejokowi']","['kayak', 'gini', 'aje', 'viral', 'inisialm', 'goodbyejokowi']","['kayak', 'gin', 'aje', 'viral', 'inisialm', 'goodbyejokowi']"
27,Positif,  lapor pak goodbyejokowi,"['', 'lapor', 'pak', 'goodbyejokowi']","['', 'lapor', 'goodbyejokowi']","['', 'lapor', 'goodbyejokowi']"
28,Negatif,  jokowiharusditurunkan  goodbyejokowi  tangkapsemuaantek rezimjokowiperusakbangsa,"['', 'jokowiharusditurunkan', 'goodbyejokowi', 'tangkapsemuaantek', 'rezimjokowiperusakbangsa']","['', 'jokowiharusditurunkan', 'goodbyejokowi', 'tangkapsemuaantek', 'rezimjokowiperusakbangsa']","['', 'jokowiharusditurunkan', 'goodbyejokowi', 'tangkapsemuaantek', 'rezimjokowiperusakbangsa']"
29,Positif,sesuai konstitusi aja adek  mahasiswa mahasiswi  jangan dipaksain goodbyejokowi,"['sesuai', 'konstitusi', 'aja', 'adek', 'mahasiswa', 'mahasiswi', 'jangan', 'dipaksain', 'goodbyejokowi']","['sesuai', 'konstitusi', 'aja', 'adek', 'mahasiswa', 'mahasiswi', 'dipaksain', 'goodbyejokowi']","['sesuai', 'konstitusi', 'aja', 'adek', 'mahasiswa', 'mahasiswi', 'dipaksain', 'goodbyejokowi']"
30,Negatif,tahu apa anda ttg demokrasi    goodbyejokowi,"['tahu', 'apa', 'anda', 'ttg', 'demokrasi', 'goodbyejokowi']","['ttg', 'demokrasi', 'goodbyejokowi']","['ttg', 'demokrasi', 'goodbyejokowi']"
31,Negatif,jokowiharusditurunkan  goodbyejokowi  tangkapsemuaantek rezimjokowiperusakbangsa,"['jokowiharusditurunkan', 'goodbyejokowi', 'tangkapsemuaantek', 'rezimjokowiperusakbangsa']","['jokowiharusditurunkan', 'goodbyejokowi', 'tangkapsemuaantek', 'rezimjokowiperusakbangsa']","['jokowiharusditurunkan', 'goodbyejokowi', 'tangkapsemuaantek', 'rezimjokowiperusakbangsa']"
32,Positif,bulan ramadhan adalah bulan perjuangan selamatkan indonesia dari cengkeramam oligarki goodbyejokowi,"['bulan', 'ramadhan', 'adalah', 'bulan', 'perjuangan', 'selamatkan', 'indonesia', 'dari', 'cengkeramam', 'oligarki', 'goodbyejokowi']","['ramadhan', 'perjuangan', 'selamatkan', 'indonesia', 'cengkeramam', 'oligarki', 'goodbyejokowi']","['ramadhan', 'juang', 'selamat', 'indonesia', 'cengkeramam', 'oligarki', 'goodbyejokowi']"
33,Negatif,  jokowiharusditurunkan  goodbyejokowi  tangkapsemuaantek rezimjokowiperusakbangsa,"['', 'jokowiharusditurunkan', 'goodbyejokowi', 'tangkapsemuaantek', 'rezimjokowiperusakbangsa']","['', 'jokowiharusditurunkan', 'goodbyejokowi', 'tangkapsemuaantek', 'rezimjokowiperusakbangsa']","['', 'jokowiharusditurunkan', 'goodbyejokowi', 'tangkapsemuaantek', 'rezimjokowiperusakbangsa']"
34,Negatif,jokowiharusditurunkan  goodbyejokowi  tangkapsemuaantek rezimjokowiperusakbangsa,"['jokowiharusditurunkan', 'goodbyejokowi', 'tangkapsemuaantek', 'rezimjokowiperusakbangsa']","['jokowiharusditurunkan', 'goodbyejokowi', 'tangkapsemuaantek', 'rezimjokowiperusakbangsa']","['jokowiharusditurunkan', 'goodbyejokowi', 'tangkapsemuaantek', 'rezimjokowiperusakbangsa']"
35,Negatif, rakyat mana yang mau kau tipu dengan goodbyejokowi    ,"['', 'rakyat', 'mana', 'yang', 'mau', 'kau', 'tipu', 'dengan', 'goodbyejokowi', '']","['', 'rakyat', 'kau', 'tipu', 'goodbyejokowi', '']","['', 'rakyat', 'kau', 'tipu', 'goodbyejokowi', '']"
36,Positif,aamin ya rabbal aalaamii  goodbyejokowi,"['aamin', 'ya', 'rabbal', 'aalaamii', 'goodbyejokowi']","['aamin', 'ya', 'rabbal', 'aalaamii', 'goodbyejokowi']","['aamin', 'ya', 'rabbal', 'aalaamii', 'goodbyejokowi']"
37,Negatif,oalah buset  cepetan  buruan  goodbyejokowi goodbyejokowi,"['oalah', 'buset', 'cepetan', 'buruan', 'goodbyejokowi', 'goodbyejokowi']","['oalah', 'buset', 'cepetan', 'buruan', 'goodbyejokowi', 'goodbyejokowi']","['oalah', 'buset', 'cepetan', 'buru', 'goodbyejokowi', 'goodbyejokowi']"
38,Negatif,cabut mandat goodbyejokowi,"['cabut', 'mandat', 'goodbyejokowi']","['cabut', 'mandat', 'goodbyejokowi']","['cabut', 'mandat', 'goodbyejokowi']"
39,Positif,yang lagi trending goodbyejokowi                      ,"['yang', 'lagi', 'trending', 'goodbyejokowi', '']","['trending', 'goodbyejokowi', '']","['trending', 'goodbyejokowi', '']"
40,Negatif, itu strategi pemerintah  mencekik rakyatnya  memaksa rakyat mau gak mau tetep belu pertama  bukan begitu     jadi sangat wajid goodbyejokowi  goodbyejokowi,"['', 'itu', 'strategi', 'pemerintah', 'mencekik', 'rakyatnya', 'memaksa', 'rakyat', 'mau', 'gak', 'mau', 'tetep', 'belu', 'pertama', 'bukan', 'begitu', 'jadi', 'sangat', 'wajid', 'goodbyejokowi', 'goodbyejokowi']","['', 'strategi', 'pemerintah', 'mencekik', 'rakyatnya', 'memaksa', 'rakyat', 'gak', 'tetep', 'belu', 'wajid', 'goodbyejokowi', 'goodbyejokowi']","['', 'strategi', 'perintah', 'cekik', 'rakyat', 'paksa', 'rakyat', 'gak', 'tetep', 'belu', 'wajid', 'goodbyejokowi', 'goodbyejokowi']"
41,Negatif,haha ksp aje menta sumbangan wkwk apalagi cuman buzzerp wkwk  tp tenang udh siap kata  pengaman  oknum  ngoahahaha tag goodbyejokowi jogja ordebrutal turu subuh inisial m tito,"['haha', 'ksp', 'aje', 'menta', 'sumbangan', 'wkwk', 'apalagi', 'cuman', 'buzzerp', 'wkwk', 'tp', 'tenang', 'udh', 'siap', 'kata', 'pengaman', 'oknum', 'ngoahahaha', 'tag', 'goodbyejokowi', 'jogja', 'ordebrutal', 'turu', 'subuh', 'inisial', 'm', 'tito']","['haha', 'ksp', 'aje', 'menta', 'sumbangan', 'wkwk', 'cuman', 'buzzerp', 'wkwk', 'tp', 'tenang', 'udh', 'pengaman', 'oknum', 'ngoahahaha', 'tag', 'goodbyejokowi', 'jogja', 'ordebrutal', 'turu', 'subuh', 'inisial', 'm', 'tito']","['haha', 'ksp', 'aje', 'menta', 'sumbang', 'wkwk', 'cuman', 'buzzerp', 'wkwk', 'tp', 'tenang', 'udh', 'kam', 'oknum', 'ngoahahaha', 'tag', 'goodbyejokowi', 'jogja', 'ordebrutal', 'turu', 'subuh', 'inisial', 'm', 'tito']"
42,Negatif, berarti klo ada kades yg dukung goodbyejokowi tidak dihukum ya  kan uu nya gak jelas  goodbyejokowi  goodbyejokowi,"['', 'berarti', 'klo', 'ada', 'kades', 'yg', 'dukung', 'goodbyejokowi', 'tidak', 'dihukum', 'ya', 'kan', 'uu', 'nya', 'gak', 'jelas', 'goodbyejokowi', 'goodbyejokowi']","['', 'klo', 'kades', 'yg', 'dukung', 'goodbyejokowi', 'dihukum', 'ya', 'uu', 'nya', 'gak', 'goodbyejokowi', 'goodbyejokowi']","['', 'klo', 'kades', 'yg', 'dukung', 'goodbyejokowi', 'hukum', 'ya', 'uu', 'nya', 'gak', 'goodbyejokowi', 'goodbyejokowi']"
43,Negatif,yang lebih buruk dari pak dhe banyak  yang lebih baik lebih banyak lagi menyerahlah demi nkri goodbyejokowi,"['yang', 'lebih', 'buruk', 'dari', 'pak', 'dhe', 'banyak', 'yang', 'lebih', 'baik', 'lebih', 'banyak', 'lagi', 'menyerahlah', 'demi', 'nkri', 'goodbyejokowi']","['buruk', 'dhe', 'menyerahlah', 'nkri', 'goodbyejokowi']","['buruk', 'dhe', 'serah', 'nkri', 'goodbyejokowi']"
44,Negatif, gak salah bang  kata si tito kita negara demokrasi  yg usul   periode aja boleh  masa usul goodbyejokowi  gak boleh   bismillah inshaalloh  turun goodbyejokowi  goodbyejokowi,"['', 'gak', 'salah', 'bang', 'kata', 'si', 'tito', 'kita', 'negara', 'demokrasi', 'yg', 'usul', 'periode', 'aja', 'boleh', 'masa', 'usul', 'goodbyejokowi', 'gak', 'boleh', 'bismillah', 'inshaalloh', 'turun', 'goodbyejokowi', 'goodbyejokowi']","['', 'gak', 'salah', 'bang', 'si', 'tito', 'negara', 'demokrasi', 'yg', 'usul', 'periode', 'aja', 'usul', 'goodbyejokowi', 'gak', 'bismillah', 'inshaalloh', 'turun', 'goodbyejokowi', 'goodbyejokowi']","['', 'gak', 'salah', 'bang', 'si', 'tito', 'negara', 'demokrasi', 'yg', 'usul', 'periode', 'aja', 'usul', 'goodbyejokowi', 'gak', 'bismillah', 'inshaalloh', 'turun', 'goodbyejokowi', 'goodbyejokowi']"
45,Negatif,gini amat jdi wni yg baik  pajak naik mau tak mau legowo  bbm naik  y trima aj  hrus bpjs  y ngikut saja  trpaksa ikut vaksin drpda sulit dlm administrasi dan syarat perjalanan       goodbyejokowi,"['gini', 'amat', 'jdi', 'wni', 'yg', 'baik', 'pajak', 'naik', 'mau', 'tak', 'mau', 'legowo', 'bbm', 'naik', 'y', 'trima', 'aj', 'hrus', 'bpjs', 'y', 'ngikut', 'saja', 'trpaksa', 'ikut', 'vaksin', 'drpda', 'sulit', 'dlm', 'administrasi', 'dan', 'syarat', 'perjalanan', 'goodbyejokowi']","['gini', 'jdi', 'wni', 'yg', 'pajak', 'legowo', 'bbm', 'y', 'trima', 'aj', 'hrus', 'bpjs', 'y', 'ngikut', 'trpaksa', 'vaksin', 'drpda', 'sulit', 'dlm', 'administrasi', 'syarat', 'perjalanan', 'goodbyejokowi']","['gin', 'jdi', 'wni', 'yg', 'pajak', 'legowo', 'bbm', 'y', 'trima', 'aj', 'hrus', 'bpjs', 'y', 'ngikut', 'trpaksa', 'vaksin', 'drpda', 'sulit', 'dlm', 'administrasi', 'syarat', 'jalan', 'goodbyejokowi']"
46,Positif,up lageeh  apa kabar    masih kuat kan  wkwk tag goodbyejokowi jogja ordebrutal turu subuh inisial m tito,"['up', 'lageeh', 'apa', 'kabar', 'masih', 'kuat', 'kan', 'wkwk', 'tag', 'goodbyejokowi', 'jogja', 'ordebrutal', 'turu', 'subuh', 'inisial', 'm', 'tito']","['up', 'lageeh', 'kabar', 'kuat', 'wkwk', 'tag', 'goodbyejokowi', 'jogja', 'ordebrutal', 'turu', 'subuh', 'inisial', 'm', 'tito']","['up', 'lageeh', 'kabar', 'kuat', 'wkwk', 'tag', 'goodbyejokowi', 'jogja', 'ordebrutal', 'turu', 'subuh', 'inisial', 'm', 'tito']"
47,Positif,tigaperiodendasmu tag goodbyejokowi jogja ordebrutal turu subuh inisial m tito,"['tigaperiodendasmu', 'tag', 'goodbyejokowi', 'jogja', 'ordebrutal', 'turu', 'subuh', 'inisial', 'm', 'tito']","['tigaperiodendasmu', 'tag', 'goodbyejokowi', 'jogja', 'ordebrutal', 'turu', 'subuh', 'inisial', 'm', 'tito']","['tigaperiodendasmu', 'tag', 'goodbyejokowi', 'jogja', 'ordebrutal', 'turu', 'subuh', 'inisial', 'm', 'tito']"
48,Positif,prank siden     goodbyejokowi  ,"['prank', 'siden', 'goodbyejokowi', '']","['prank', 'siden', 'goodbyejokowi', '']","['prank', 'siden', 'goodbyejokowi', '']"
49,Negatif,air mata tito eh air mata buaya  tag goodbyejokowi jogja ordebrutal turu subuh inisial m tito,"['air', 'mata', 'tito', 'eh', 'air', 'mata', 'buaya', 'tag', 'goodbyejokowi', 'jogja', 'ordebrutal', 'turu', 'subuh', 'inisial', 'm', 'tito']","['air', 'mata', 'tito', 'eh', 'air', 'mata', 'buaya', 'tag', 'goodbyejokowi', 'jogja', 'ordebrutal', 'turu', 'subuh', 'inisial', 'm', 'tito']","['air', 'mata', 'tito', 'eh', 'air', 'mata', 'buaya', 'tag', 'goodbyejokowi', 'jogja', 'ordebrutal', 'turu', 'subuh', 'inisial', 'm', 'tito']"
50,Positif,tito karnatitipan wkwk  tag goodbyejokowi jogja ordebrutal turu subuh inisial m tito,"['tito', 'karnatitipan', 'wkwk', 'tag', 'goodbyejokowi', 'jogja', 'ordebrutal', 'turu', 'subuh', 'inisial', 'm', 'tito']","['tito', 'karnatitipan', 'wkwk', 'tag', 'goodbyejokowi', 'jogja', 'ordebrutal', 'turu', 'subuh', 'inisial', 'm', 'tito']","['tito', 'karnatitipan', 'wkwk', 'tag', 'goodbyejokowi', 'jogja', 'ordebrutal', 'turu', 'subuh', 'inisial', 'm', 'tito']"
51,Positif,  berkar ramadhan  goodbyejokowi  goodbyejokowi,"['', 'berkar', 'ramadhan', 'goodbyejokowi', 'goodbyejokowi']","['', 'berkar', 'ramadhan', 'goodbyejokowi', 'goodbyejokowi']","['', 'berkar', 'ramadhan', 'goodbyejokowi', 'goodbyejokowi']"
52,Positif, iya mbak  gak da buka hp td  slmt pagi mbak  goodbyejokowi,"['', 'iya', 'mbak', 'gak', 'da', 'buka', 'hp', 'td', 'slmt', 'pagi', 'mbak', 'goodbyejokowi']","['', 'iya', 'mbak', 'gak', 'da', 'buka', 'hp', 'td', 'slmt', 'pagi', 'mbak', 'goodbyejokowi']","['', 'iya', 'mbak', 'gak', 'da', 'buka', 'hp', 'td', 'slmt', 'pagi', 'mbak', 'goodbyejokowi']"
53,Negatif,rezim licik ala pki  tag goodbyejokowi jogja ordebrutal turu subuh inisial m tito,"['rezim', 'licik', 'ala', 'pki', 'tag', 'goodbyejokowi', 'jogja', 'ordebrutal', 'turu', 'subuh', 'inisial', 'm', 'tito']","['rezim', 'licik', 'ala', 'pki', 'tag', 'goodbyejokowi', 'jogja', 'ordebrutal', 'turu', 'subuh', 'inisial', 'm', 'tito']","['rezim', 'licik', 'ala', 'pki', 'tag', 'goodbyejokowi', 'jogja', 'ordebrutal', 'turu', 'subuh', 'inisial', 'm', 'tito']"
54,Negatif,bongkar aja lah biar mewek lagi si tito  tag goodbyejokowi jogja ordebrutal turu subuh inisial m tito,"['bongkar', 'aja', 'lah', 'biar', 'mewek', 'lagi', 'si', 'tito', 'tag', 'goodbyejokowi', 'jogja', 'ordebrutal', 'turu', 'subuh', 'inisial', 'm', 'tito']","['bongkar', 'aja', 'biar', 'mewek', 'si', 'tito', 'tag', 'goodbyejokowi', 'jogja', 'ordebrutal', 'turu', 'subuh', 'inisial', 'm', 'tito']","['bongkar', 'aja', 'biar', 'mewek', 'si', 'tito', 'tag', 'goodbyejokowi', 'jogja', 'ordebrutal', 'turu', 'subuh', 'inisial', 'm', 'tito']"
55,Negatif,udah kena virus akut  serta takut kehilangan jabatan goodbyejokowi,"['udah', 'kena', 'virus', 'akut', 'serta', 'takut', 'kehilangan', 'jabatan', 'goodbyejokowi']","['udah', 'kena', 'virus', 'akut', 'takut', 'kehilangan', 'jabatan', 'goodbyejokowi']","['udah', 'kena', 'virus', 'akut', 'takut', 'hilang', 'jabat', 'goodbyejokowi']"
56,Negatif,rezim rakus   tag goodbyejokowi jogja ordebrutal turu subuh inisial m tito,"['rezim', 'rakus', 'tag', 'goodbyejokowi', 'jogja', 'ordebrutal', 'turu', 'subuh', 'inisial', 'm', 'tito']","['rezim', 'rakus', 'tag', 'goodbyejokowi', 'jogja', 'ordebrutal', 'turu', 'subuh', 'inisial', 'm', 'tito']","['rezim', 'rakus', 'tag', 'goodbyejokowi', 'jogja', 'ordebrutal', 'turu', 'subuh', 'inisial', 'm', 'tito']"
57,Negatif,mana berani si tito tag goodbyejokowi jogja ordebrutal turu subuh inisial m tito,"['mana', 'berani', 'si', 'tito', 'tag', 'goodbyejokowi', 'jogja', 'ordebrutal', 'turu', 'subuh', 'inisial', 'm', 'tito']","['berani', 'si', 'tito', 'tag', 'goodbyejokowi', 'jogja', 'ordebrutal', 'turu', 'subuh', 'inisial', 'm', 'tito']","['berani', 'si', 'tito', 'tag', 'goodbyejokowi', 'jogja', 'ordebrutal', 'turu', 'subuh', 'inisial', 'm', 'tito']"
58,Negatif, rakyat sudah sangat menderita dan terzolimi goodbyejokowi  goodbyejokowi,"['', 'rakyat', 'sudah', 'sangat', 'menderita', 'dan', 'terzolimi', 'goodbyejokowi', 'goodbyejokowi']","['', 'rakyat', 'menderita', 'terzolimi', 'goodbyejokowi', 'goodbyejokowi']","['', 'rakyat', 'derita', 'terzolimi', 'goodbyejokowi', 'goodbyejokowi']"
59,Positif,mau berapapun periode yg akan terjadi  itu kehendak allah  yang allah perintahkan adalah melawan kedzaliman  goodbyejokowi,"['mau', 'berapapun', 'periode', 'yg', 'akan', 'terjadi', 'itu', 'kehendak', 'allah', 'yang', 'allah', 'perintahkan', 'adalah', 'melawan', 'kedzaliman', 'goodbyejokowi']","['periode', 'yg', 'kehendak', 'allah', 'allah', 'perintahkan', 'melawan', 'kedzaliman', 'goodbyejokowi']","['periode', 'yg', 'hendak', 'allah', 'allah', 'perintah', 'lawan', 'kedzaliman', 'goodbyejokowi']"
60,Positif,satu nusa  satu bangsa satukan kata kita goodbyejokowi  ,"['satu', 'nusa', 'satu', 'bangsa', 'satukan', 'kata', 'kita', 'goodbyejokowi', '']","['nusa', 'bangsa', 'satukan', 'goodbyejokowi', '']","['nusa', 'bangsa', 'satu', 'goodbyejokowi', '']"
61,Positif,aku sll pengen bilang   goodbyejokowi  reformasijilid ,"['aku', 'sll', 'pengen', 'bilang', 'goodbyejokowi', 'reformasijilid', '']","['sll', 'pengen', 'bilang', 'goodbyejokowi', 'reformasijilid', '']","['sll', 'ken', 'bilang', 'goodbyejokowi', 'reformasijilid', '']"
62,Positif,aamiin ya rabbal alamin  goodbyejokowi    trade mark  ,"['aamiin', 'ya', 'rabbal', 'alamin', 'goodbyejokowi', 'trade', 'mark', '']","['aamiin', 'ya', 'rabbal', 'alamin', 'goodbyejokowi', 'trade', 'mark', '']","['aamiin', 'ya', 'rabbal', 'alamin', 'goodbyejokowi', 'trade', 'mark', '']"
63,Positif,lah  masih hidup kan   kenapa goodbyejokowi,"['lah', 'masih', 'hidup', 'kan', 'kenapa', 'goodbyejokowi']","['hidup', 'goodbyejokowi']","['hidup', 'goodbyejokowi']"
64,Negatif, abang sih  kebangetan  mosok kita  diajak goodbyejokowi   emangnya bisaa  kalau bisa  ayolah kita goodbyejokowi in ,"['', 'abang', 'sih', 'kebangetan', 'mosok', 'kita', 'diajak', 'goodbyejokowi', 'emangnya', 'bisaa', 'kalau', 'bisa', 'ayolah', 'kita', 'goodbyejokowi', 'in', '']","['', 'abang', 'sih', 'kebangetan', 'mosok', 'diajak', 'goodbyejokowi', 'emangnya', 'bisaa', 'ayolah', 'goodbyejokowi', 'in', '']","['', 'abang', 'sih', 'banget', 'mosok', 'ajak', 'goodbyejokowi', 'emang', 'bisaa', 'ayo', 'goodbyejokowi', 'in', '']"
65,Positif,terimakasih atas kehadirannya  goodbyejokowi,"['terimakasih', 'atas', 'kehadirannya', 'goodbyejokowi']","['terimakasih', 'kehadirannya', 'goodbyejokowi']","['terimakasih', 'hadir', 'goodbyejokowi']"
66,Negatif, yang penting perut mereka kenyang dulu bu  masa bodo dengan nelayan dan rakyatnya  goodbyejokowi,"['', 'yang', 'penting', 'perut', 'mereka', 'kenyang', 'dulu', 'bu', 'masa', 'bodo', 'dengan', 'nelayan', 'dan', 'rakyatnya', 'goodbyejokowi']","['', 'perut', 'kenyang', 'bu', 'bodo', 'nelayan', 'rakyatnya', 'goodbyejokowi']","['', 'perut', 'kenyang', 'bu', 'bodo', 'nelayan', 'rakyat', 'goodbyejokowi']"
67,Negatif,penderitaan oleh bangsa sendiri lebih menyakitkan drpada  bangsa asing  lawan penjajah merdeka atau mati goodbyejokowi,"['penderitaan', 'oleh', 'bangsa', 'sendiri', 'lebih', 'menyakitkan', 'drpada', 'bangsa', 'asing', 'lawan', 'penjajah', 'merdeka', 'atau', 'mati', 'goodbyejokowi']","['penderitaan', 'bangsa', 'menyakitkan', 'drpada', 'bangsa', 'asing', 'lawan', 'penjajah', 'merdeka', 'mati', 'goodbyejokowi']","['derita', 'bangsa', 'sakit', 'drpada', 'bangsa', 'asing', 'lawan', 'jajah', 'merdeka', 'mati', 'goodbyejokowi']"
68,Negatif,  goodbyejokowi game over,"['', 'goodbyejokowi', 'game', 'over']","['', 'goodbyejokowi', 'game', 'over']","['', 'goodbyejokowi', 'game', 'over']"
69,Positif,aamiin aamii yra goodbyejokowi  goodbyejokowi,"['aamiin', 'aamii', 'yra', 'goodbyejokowi', 'goodbyejokowi']","['aamiin', 'aamii', 'yra', 'goodbyejokowi', 'goodbyejokowi']","['aamiin', 'aamii', 'yra', 'goodbyejokowi', 'goodbyejokowi']"
70,Positif,kerja aja ga becus goodbyejokowi goodbyejokowi,"['kerja', 'aja', 'ga', 'becus', 'goodbyejokowi', 'goodbyejokowi']","['kerja', 'aja', 'ga', 'becus', 'goodbyejokowi', 'goodbyejokowi']","['kerja', 'aja', 'ga', 'becus', 'goodbyejokowi', 'goodbyejokowi']"
71,Positif, aamiin aamiin allahumma aamiin goodbyejokowi,"['', 'aamiin', 'aamiin', 'allahumma', 'aamiin', 'goodbyejokowi']","['', 'aamiin', 'aamiin', 'allahumma', 'aamiin', 'goodbyejokowi']","['', 'aamiin', 'aamiin', 'allahumma', 'aamiin', 'goodbyejokowi']"
72,Negatif, pemerintahan paling brutal  goodbyejokowi  goodbyejokowi,"['', 'pemerintahan', 'paling', 'brutal', 'goodbyejokowi', 'goodbyejokowi']","['', 'pemerintahan', 'brutal', 'goodbyejokowi', 'goodbyejokowi']","['', 'perintah', 'brutal', 'goodbyejokowi', 'goodbyejokowi']"
73,Negatif,atas dasar gerakan mahasiswa the and game over jokowi  goodbyejokowi,"['atas', 'dasar', 'gerakan', 'mahasiswa', 'the', 'and', 'game', 'over', 'jokowi', 'goodbyejokowi']","['dasar', 'gerakan', 'mahasiswa', 'the', 'and', 'game', 'over', 'jokowi', 'goodbyejokowi']","['dasar', 'gera', 'mahasiswa', 'the', 'and', 'game', 'over', 'jokowi', 'goodbyejokowi']"
74,Positif,klo gak mampu  serahkan ke yang lain  islam punya solusi goodbyejokowi,"['klo', 'gak', 'mampu', 'serahkan', 'ke', 'yang', 'lain', 'islam', 'punya', 'solusi', 'goodbyejokowi']","['klo', 'gak', 'serahkan', 'islam', 'solusi', 'goodbyejokowi']","['klo', 'gak', 'serah', 'islam', 'solusi', 'goodbyejokowi']"
75,Negatif,pemimpin terburuk goodbyejokowi,"['pemimpin', 'terburuk', 'goodbyejokowi']","['pemimpin', 'terburuk', 'goodbyejokowi']","['pimpin', 'buruk', 'goodbyejokowi']"
76,Negatif, yang begini masih minta nambah periode  goodbyejokowi  goodbyejokowi,"['', 'yang', 'begini', 'masih', 'minta', 'nambah', 'periode', 'goodbyejokowi', 'goodbyejokowi']","['', 'nambah', 'periode', 'goodbyejokowi', 'goodbyejokowi']","['', 'nambah', 'periode', 'goodbyejokowi', 'goodbyejokowi']"
77,Negatif,klo goodbyejokowi yang naik maruf amin trs wakilnya jadi puan maharani  lepas dr kandang   masuk le kandang  ,"['klo', 'goodbyejokowi', 'yang', 'naik', 'maruf', 'amin', 'trs', 'wakilnya', 'jadi', 'puan', 'maharani', 'lepas', 'dr', 'kandang', 'masuk', 'le', 'kandang', '']","['klo', 'goodbyejokowi', 'maruf', 'amin', 'trs', 'wakilnya', 'puan', 'maharani', 'lepas', 'dr', 'kandang', 'masuk', 'le', 'kandang', '']","['klo', 'goodbyejokowi', 'maruf', 'amin', 'trs', 'wakil', 'puan', 'maharani', 'lepas', 'dr', 'kandang', 'masuk', 'le', 'kandang', '']"
78,Negatif,goodbyejokowi goodbyejokowi reformasi jilid ii singkirkan rezim otoriter,"['goodbyejokowi', 'goodbyejokowi', 'reformasi', 'jilid', 'ii', 'singkirkan', 'rezim', 'otoriter']","['goodbyejokowi', 'goodbyejokowi', 'reformasi', 'jilid', 'ii', 'singkirkan', 'rezim', 'otoriter']","['goodbyejokowi', 'goodbyejokowi', 'reformasi', 'jilid', 'ii', 'singkir', 'rezim', 'otoriter']"
79,Positif,semoga doa kita terkabul meskipun penggantinya tdk bs membangun indonesia lebih baik paling tidak bs mengurangi hutang dan tidak membebani rakyat dengan mahal harga  kebutuhan pokok goodbyejokowi,"['semoga', 'doa', 'kita', 'terkabul', 'meskipun', 'penggantinya', 'tdk', 'bs', 'membangun', 'indonesia', 'lebih', 'baik', 'paling', 'tidak', 'bs', 'mengurangi', 'hutang', 'dan', 'tidak', 'membebani', 'rakyat', 'dengan', 'mahal', 'harga', 'kebutuhan', 'pokok', 'goodbyejokowi']","['semoga', 'doa', 'terkabul', 'penggantinya', 'tdk', 'bs', 'membangun', 'indonesia', 'bs', 'mengurangi', 'hutang', 'membebani', 'rakyat', 'mahal', 'harga', 'kebutuhan', 'pokok', 'goodbyejokowi']","['moga', 'doa', 'kabul', 'ganti', 'tdk', 'bs', 'bangun', 'indonesia', 'bs', 'kurang', 'hutang', 'beban', 'rakyat', 'mahal', 'harga', 'butuh', 'pokok', 'goodbyejokowi']"
80,Positif,mahasiswa adalah referensi rakyat  mahasiswa mewakili suara rakyat  goodbyejokowi  goodbyejokowi,"['mahasiswa', 'adalah', 'referensi', 'rakyat', 'mahasiswa', 'mewakili', 'suara', 'rakyat', 'goodbyejokowi', 'goodbyejokowi']","['mahasiswa', 'referensi', 'rakyat', 'mahasiswa', 'mewakili', 'suara', 'rakyat', 'goodbyejokowi', 'goodbyejokowi']","['mahasiswa', 'referensi', 'rakyat', 'mahasiswa', 'wakil', 'suara', 'rakyat', 'goodbyejokowi', 'goodbyejokowi']"
81,Negatif,apa yang gak naik di buatnya  tensi pun naik di buatnya goodbyejokowi,"['apa', 'yang', 'gak', 'naik', 'di', 'buatnya', 'tensi', 'pun', 'naik', 'di', 'buatnya', 'goodbyejokowi']","['gak', 'buatnya', 'tensi', 'buatnya', 'goodbyejokowi']","['gak', 'buat', 'tensi', 'buat', 'goodbyejokowi']"
82,Positif,akan kah jadi seruan aksi kembali   akankah jadi gejayan memanggil lagi   goodbyejokowi  goodbyejokowi  goodbyejokowi,"['akan', 'kah', 'jadi', 'seruan', 'aksi', 'kembali', 'akankah', 'jadi', 'gejayan', 'memanggil', 'lagi', 'goodbyejokowi', 'goodbyejokowi', 'goodbyejokowi']","['kah', 'seruan', 'aksi', 'gejayan', 'memanggil', 'goodbyejokowi', 'goodbyejokowi', 'goodbyejokowi']","['kah', 'seru', 'aksi', 'gejayan', 'panggil', 'goodbyejokowi', 'goodbyejokowi', 'goodbyejokowi']"
83,Positif,untuk seluruh pejuang di sosmed  tgl    waktunya kita berjuang di dunia nyata  satukan suara  goodbyejokowi,"['untuk', 'seluruh', 'pejuang', 'di', 'sosmed', 'tgl', 'waktunya', 'kita', 'berjuang', 'di', 'dunia', 'nyata', 'satukan', 'suara', 'goodbyejokowi']","['pejuang', 'sosmed', 'tgl', 'berjuang', 'dunia', 'nyata', 'satukan', 'suara', 'goodbyejokowi']","['juang', 'sosmed', 'tgl', 'juang', 'dunia', 'nyata', 'satu', 'suara', 'goodbyejokowi']"
84,Negatif,standar ganda kompresor mfud wkwk tag goodbyejokowi jogja ordebrutal turu subuh inisial m  ,"['standar', 'ganda', 'kompresor', 'mfud', 'wkwk', 'tag', 'goodbyejokowi', 'jogja', 'ordebrutal', 'turu', 'subuh', 'inisial', 'm', '']","['standar', 'ganda', 'kompresor', 'mfud', 'wkwk', 'tag', 'goodbyejokowi', 'jogja', 'ordebrutal', 'turu', 'subuh', 'inisial', 'm', '']","['standar', 'ganda', 'kompresor', 'mfud', 'wkwk', 'tag', 'goodbyejokowi', 'jogja', 'ordebrutal', 'turu', 'subuh', 'inisial', 'm', '']"
85,Negatif,goodbyejokowi it s enough it s over,"['goodbyejokowi', 'it', 's', 'enough', 'it', 's', 'over']","['goodbyejokowi', 'it', 's', 'enough', 'it', 's', 'over']","['goodbyejokowi', 'it', 's', 'enough', 'it', 's', 'over']"
86,Negatif,klo big data milik internal nape si luhut umbar  ke publik  bilang aje big ngibul bkn big data  tag goodbyejokowi jogja ordebrutal turu subuh inisial m,"['klo', 'big', 'data', 'milik', 'internal', 'nape', 'si', 'luhut', 'umbar', 'ke', 'publik', 'bilang', 'aje', 'big', 'ngibul', 'bkn', 'big', 'data', 'tag', 'goodbyejokowi', 'jogja', 'ordebrutal', 'turu', 'subuh', 'inisial', 'm']","['klo', 'big', 'data', 'milik', 'internal', 'nape', 'si', 'luhut', 'umbar', 'publik', 'bilang', 'aje', 'big', 'ngibul', 'bkn', 'big', 'data', 'tag', 'goodbyejokowi', 'jogja', 'ordebrutal', 'turu', 'subuh', 'inisial', 'm']","['klo', 'big', 'data', 'milik', 'internal', 'nape', 'si', 'luhut', 'umbar', 'publik', 'bilang', 'aje', 'big', 'ngibul', 'bkn', 'big', 'data', 'tag', 'goodbyejokowi', 'jogja', 'ordebrutal', 'turu', 'subuh', 'inisial', 'm']"
87,Positif, kenapa mesti goodbyejokowi  ,"['', 'kenapa', 'mesti', 'goodbyejokowi', '']","['', 'mesti', 'goodbyejokowi', '']","['', 'mesti', 'goodbyejokowi', '']"
88,Positif,semoga  goodbyejokowi,"['semoga', 'goodbyejokowi']","['semoga', 'goodbyejokowi']","['moga', 'goodbyejokowi']"
89,Negatif,beuh buzzer   anies mengcrazy                 trade mark   goodbyejokowi,"['beuh', 'buzzer', 'anies', 'mengcrazy', 'trade', 'mark', 'goodbyejokowi']","['beuh', 'buzzer', 'anies', 'mengcrazy', 'trade', 'mark', 'goodbyejokowi']","['beuh', 'buzzer', 'anies', 'mengcrazy', 'trade', 'mark', 'goodbyejokowi']"
90,Positif,it s work   goodbyejokowi,"['it', 's', 'work', 'goodbyejokowi']","['it', 's', 'work', 'goodbyejokowi']","['it', 's', 'work', 'goodbyejokowi']"
91,Negatif,gw tambah lagi nihh  biar tau semua sudah kenyang dg janji  manismuu  goodbyejokowi,"['gw', 'tambah', 'lagi', 'nihh', 'biar', 'tau', 'semua', 'sudah', 'kenyang', 'dg', 'janji', 'manismuu', 'goodbyejokowi']","['gw', 'nihh', 'biar', 'tau', 'kenyang', 'dg', 'janji', 'manismuu', 'goodbyejokowi']","['gw', 'nihh', 'biar', 'tau', 'kenyang', 'dg', 'janji', 'manismuu', 'goodbyejokowi']"
92,Negatif,  ntar juga jadi sampah peradaban ordebrutal  goodbyejokowi,"['', 'ntar', 'juga', 'jadi', 'sampah', 'peradaban', 'ordebrutal', 'goodbyejokowi']","['', 'ntar', 'sampah', 'peradaban', 'ordebrutal', 'goodbyejokowi']","['', 'ntar', 'sampah', 'adab', 'ordebrutal', 'goodbyejokowi']"
93,Negatif,si luhut dah keya perdana menteri yak ngurusin  covid lpg petalite dll s      tag goodbyejokowi jogja ordebrutal turu subuh inisial m,"['si', 'luhut', 'dah', 'keya', 'perdana', 'menteri', 'yak', 'ngurusin', 'covid', 'lpg', 'petalite', 'dll', 's', 'tag', 'goodbyejokowi', 'jogja', 'ordebrutal', 'turu', 'subuh', 'inisial', 'm']","['si', 'luhut', 'dah', 'keya', 'perdana', 'menteri', 'yak', 'ngurusin', 'covid', 'lpg', 'petalite', 'dll', 's', 'tag', 'goodbyejokowi', 'jogja', 'ordebrutal', 'turu', 'subuh', 'inisial', 'm']","['si', 'luhut', 'dah', 'keya', 'perdana', 'menteri', 'yak', 'ngurusin', 'covid', 'lpg', 'petalite', 'dll', 's', 'tag', 'goodbyejokowi', 'jogja', 'ordebrutal', 'turu', 'subuh', 'inisial', 'm']"
94,Negatif,semua itu bohong goodbyejokowi  ,"['semua', 'itu', 'bohong', 'goodbyejokowi', '']","['bohong', 'goodbyejokowi', '']","['bohong', 'goodbyejokowi', '']"
95,Negatif, kasihan ya gak percaya goodbyejokowi  goodbyejokowi,"['', 'kasihan', 'ya', 'gak', 'percaya', 'goodbyejokowi', 'goodbyejokowi']","['', 'kasihan', 'ya', 'gak', 'percaya', 'goodbyejokowi', 'goodbyejokowi']","['', 'kasihan', 'ya', 'gak', 'percaya', 'goodbyejokowi', 'goodbyejokowi']"
96,Positif,prestasi gub jateng yang sangat fenomenal dan fantastis vrrsi kpk               entah kpk yg lg puyeng atau kompas yg lagi error ngakak bacanya   goodbyejokowi  goodbyejokowi,"['prestasi', 'gub', 'jateng', 'yang', 'sangat', 'fenomenal', 'dan', 'fantastis', 'vrrsi', 'kpk', 'entah', 'kpk', 'yg', 'lg', 'puyeng', 'atau', 'kompas', 'yg', 'lagi', 'error', 'ngakak', 'bacanya', 'goodbyejokowi', 'goodbyejokowi']","['prestasi', 'gub', 'jateng', 'fenomenal', 'fantastis', 'vrrsi', 'kpk', 'kpk', 'yg', 'lg', 'puyeng', 'kompas', 'yg', 'error', 'ngakak', 'bacanya', 'goodbyejokowi', 'goodbyejokowi']","['prestasi', 'gub', 'jateng', 'fenomenal', 'fantastis', 'vrrsi', 'kpk', 'kpk', 'yg', 'lg', 'puyeng', 'kompas', 'yg', 'error', 'ngakak', 'baca', 'goodbyejokowi', 'goodbyejokowi']"
97,Positif,loker  pkss   cleaning service       loker jobsquweb     group     lowongankerja loker lokerjabodetabek lokerindonesia jobsquweb infoloker loker     lokerterbaru lowongankerjaterbaru insert goodbyejokowi amel inisialm  ,"['loker', 'pkss', 'cleaning', 'service', 'loker', 'jobsquweb', 'group', 'lowongankerja', 'loker', 'lokerjabodetabek', 'lokerindonesia', 'jobsquweb', 'infoloker', 'loker', 'lokerterbaru', 'lowongankerjaterbaru', 'insert', 'goodbyejokowi', 'amel', 'inisialm', '']","['loker', 'pkss', 'cleaning', 'service', 'loker', 'jobsquweb', 'group', 'lowongankerja', 'loker', 'lokerjabodetabek', 'lokerindonesia', 'jobsquweb', 'infoloker', 'loker', 'lokerterbaru', 'lowongankerjaterbaru', 'insert', 'goodbyejokowi', 'amel', 'inisialm', '']","['loker', 'pkss', 'cleaning', 'service', 'loker', 'jobsquweb', 'group', 'lowongankerja', 'loker', 'lokerjabodetabek', 'lokerindonesia', 'jobsquweb', 'infoloker', 'loker', 'lokerterbaru', 'lowongankerjaterbaru', 'insert', 'goodbyejokowi', 'amel', 'inisialm', '']"
98,Negatif,jokowi sudah gagal  boro boro   periode  bila tidak segera mengundurkan diri  indonesia bakal menghadapi turbulensi bahkan tsunami politik   goodbyejokowi  goodbyejokowi,"['jokowi', 'sudah', 'gagal', 'boro', 'boro', 'periode', 'bila', 'tidak', 'segera', 'mengundurkan', 'diri', 'indonesia', 'bakal', 'menghadapi', 'turbulensi', 'bahkan', 'tsunami', 'politik', 'goodbyejokowi', 'goodbyejokowi']","['jokowi', 'gagal', 'boro', 'boro', 'periode', 'mengundurkan', 'indonesia', 'menghadapi', 'turbulensi', 'tsunami', 'politik', 'goodbyejokowi', 'goodbyejokowi']","['jokowi', 'gagal', 'boro', 'boro', 'periode', 'undur', 'indonesia', 'hadap', 'turbulensi', 'tsunami', 'politik', 'goodbyejokowi', 'goodbyejokowi']"
99,Positif,qobul  mari kita aminkan goodbyejokowi  goodbyejokowi,"['qobul', 'mari', 'kita', 'aminkan', 'goodbyejokowi', 'goodbyejokowi']","['qobul', 'mari', 'aminkan', 'goodbyejokowi', 'goodbyejokowi']","['qobul', 'mari', 'amin', 'goodbyejokowi', 'goodbyejokowi']"
100,Negatif,goodbyejokowi  buzzerp nasbung goodbyejokowi,"['goodbyejokowi', 'buzzerp', 'nasbung', 'goodbyejokowi']","['goodbyejokowi', 'buzzerp', 'nasbung', 'goodbyejokowi']","['goodbyejokowi', 'buzzerp', 'nasbung', 'goodbyejokowi']"
101,Positif,apakah iya goodbyejokowi        buka tweet shock,"['apakah', 'iya', 'goodbyejokowi', 'buka', 'tweet', 'shock']","['iya', 'goodbyejokowi', 'buka', 'tweet', 'shock']","['iya', 'goodbyejokowi', 'buka', 'tweet', 'shock']"
102,Positif,aamiin yra goodbyejokowi goodbyejokowi,"['aamiin', 'yra', 'goodbyejokowi', 'goodbyejokowi']","['aamiin', 'yra', 'goodbyejokowi', 'goodbyejokowi']","['aamiin', 'yra', 'goodbyejokowi', 'goodbyejokowi']"
103,Positif, semoga rezim bisa segera taubat  goodbyejokowi,"['', 'semoga', 'rezim', 'bisa', 'segera', 'taubat', 'goodbyejokowi']","['', 'semoga', 'rezim', 'taubat', 'goodbyejokowi']","['', 'moga', 'rezim', 'taubat', 'goodbyejokowi']"
104,Positif,semoga pemimpin kita ga seperti ini  aamiin           insert goodbyejokowi  inisial m  ,"['semoga', 'pemimpin', 'kita', 'ga', 'seperti', 'ini', 'aamiin', 'insert', 'goodbyejokowi', 'inisial', 'm', '']","['semoga', 'pemimpin', 'ga', 'aamiin', 'insert', 'goodbyejokowi', 'inisial', 'm', '']","['moga', 'pimpin', 'ga', 'aamiin', 'insert', 'goodbyejokowi', 'inisial', 'm', '']"
105,Positif,ada tagar goodbyejokowi udah bikin bahagia goodbyejokowi   ,"['ada', 'tagar', 'goodbyejokowi', 'udah', 'bikin', 'bahagia', 'goodbyejokowi', '']","['tagar', 'goodbyejokowi', 'udah', 'bikin', 'bahagia', 'goodbyejokowi', '']","['tagar', 'goodbyejokowi', 'udah', 'bikin', 'bahagia', 'goodbyejokowi', '']"
106,Negatif,goodbyejokowi sampun ni mawon ketimbang soyo getun tibo buri,"['goodbyejokowi', 'sampun', 'ni', 'mawon', 'ketimbang', 'soyo', 'getun', 'tibo', 'buri']","['goodbyejokowi', 'sampun', 'ni', 'mawon', 'ketimbang', 'soyo', 'getun', 'tibo', 'buri']","['goodbyejokowi', 'sampun', 'ni', 'mawon', 'ketimbang', 'soyo', 'getun', 'tibo', 'bur']"
107,Positif,ikutan ah   goodbyejokowi  goodbyejokowi  ,"['ikutan', 'ah', 'goodbyejokowi', 'goodbyejokowi', '']","['ikutan', 'ah', 'goodbyejokowi', 'goodbyejokowi', '']","['ikut', 'ah', 'goodbyejokowi', 'goodbyejokowi', '']"
108,Negatif,ayo si muka tebal  goodbyejokowi ayo yg fak ada malu  goodbyejokowi,"['ayo', 'si', 'muka', 'tebal', 'goodbyejokowi', 'ayo', 'yg', 'fak', 'ada', 'malu', 'goodbyejokowi']","['ayo', 'si', 'muka', 'tebal', 'goodbyejokowi', 'ayo', 'yg', 'fak', 'malu', 'goodbyejokowi']","['ayo', 'si', 'muka', 'tebal', 'goodbyejokowi', 'ayo', 'yg', 'fak', 'malu', 'goodbyejokowi']"
109,Negatif,pengadilan nigeria menjatuhkan hukuman    th penjara kepada seorang  kafir  karena membuat postingan medsos yg dianggap melecehkan islam di wilayah utara negara afrika barat itu    bagaimana dg indonesia        goodbyejokowi recehkansahur ordebrutal ramadan   pagii mo salah     ,"['pengadilan', 'nigeria', 'menjatuhkan', 'hukuman', 'th', 'penjara', 'kepada', 'seorang', 'kafir', 'karena', 'membuat', 'postingan', 'medsos', 'yg', 'dianggap', 'melecehkan', 'islam', 'di', 'wilayah', 'utara', 'negara', 'afrika', 'barat', 'itu', 'bagaimana', 'dg', 'indonesia', 'goodbyejokowi', 'recehkansahur', 'ordebrutal', 'ramadan', 'pagii', 'mo', 'salah', '']","['pengadilan', 'nigeria', 'menjatuhkan', 'hukuman', 'th', 'penjara', 'kafir', 'postingan', 'medsos', 'yg', 'dianggap', 'melecehkan', 'islam', 'wilayah', 'utara', 'negara', 'afrika', 'barat', 'dg', 'indonesia', 'goodbyejokowi', 'recehkansahur', 'ordebrutal', 'ramadan', 'pagii', 'mo', 'salah', '']","['adil', 'nigeria', 'jatuh', 'hukum', 'th', 'penjara', 'kafir', 'postingan', 'medsos', 'yg', 'anggap', 'leceh', 'islam', 'wilayah', 'utara', 'negara', 'afrika', 'barat', 'dg', 'indonesia', 'goodbyejokowi', 'recehkansahur', 'ordebrutal', 'ramadan', 'pagi', 'mo', 'salah', '']"
110,Positif,ada apa ini ya   goodbyejokowi,"['ada', 'apa', 'ini', 'ya', 'goodbyejokowi']","['ya', 'goodbyejokowi']","['ya', 'goodbyejokowi']"
111,Negatif,untuk sekali saja berbakti pada negeri ini turunlah goodbyejokowi,"['untuk', 'sekali', 'saja', 'berbakti', 'pada', 'negeri', 'ini', 'turunlah', 'goodbyejokowi']","['berbakti', 'negeri', 'turunlah', 'goodbyejokowi']","['bakti', 'negeri', 'turun', 'goodbyejokowi']"
112,Negatif,  garut hadir  geus lila aing cape dibohongan wae  lalilieur sagala mahal sagala lalengitan  zaman geus edan              goodbyejokowi  lengserkanjokowi,"['', 'garut', 'hadir', 'geus', 'lila', 'aing', 'cape', 'dibohongan', 'wae', 'lalilieur', 'sagala', 'mahal', 'sagala', 'lalengitan', 'zaman', 'geus', 'edan', 'goodbyejokowi', 'lengserkanjokowi']","['', 'garut', 'hadir', 'geus', 'lila', 'aing', 'cape', 'dibohongan', 'wae', 'lalilieur', 'sagala', 'mahal', 'sagala', 'lalengitan', 'zaman', 'geus', 'edan', 'goodbyejokowi', 'lengserkanjokowi']","['', 'garut', 'hadir', 'geus', 'lila', 'aing', 'cape', 'bohong', 'wae', 'lalilieur', 'sagala', 'mahal', 'sagala', 'lalengitan', 'zaman', 'geus', 'edan', 'goodbyejokowi', 'lengserkanjokowi']"
113,Negatif,saatnya lengser goodbyejokowi  goodbyejokowi,"['saatnya', 'lengser', 'goodbyejokowi', 'goodbyejokowi']","['lengser', 'goodbyejokowi', 'goodbyejokowi']","['lengser', 'goodbyejokowi', 'goodbyejokowi']"
114,Positif,goodbyejokowi tiba  kangen  ,"['goodbyejokowi', 'tiba', 'kangen', '']","['goodbyejokowi', 'kangen', '']","['goodbyejokowi', 'kangen', '']"
115,Negatif,  muak mual mules goodbyejokowi  goodbyejokowi,"['', 'muak', 'mual', 'mules', 'goodbyejokowi', 'goodbyejokowi']","['', 'muak', 'mual', 'mules', 'goodbyejokowi', 'goodbyejokowi']","['', 'muak', 'mual', 'mules', 'goodbyejokowi', 'goodbyejokowi']"
116,Positif, tetap kawal goodbyejokowi,"['', 'tetap', 'kawal', 'goodbyejokowi']","['', 'kawal', 'goodbyejokowi']","['', 'kawal', 'goodbyejokowi']"
117,Negatif,  setelah membandingkan dengan rezim pemerintahan lain di indonesia  dapat ditarik kesimpulan bahwa tidak ada rezim yang lebih brutal dalam menaikkan harga kebutuhan publik selain era pemerintahan jokowi ma   trade mark ruf amin saat ini  goodbyejokowi  fakta elite  ,"['', 'setelah', 'membandingkan', 'dengan', 'rezim', 'pemerintahan', 'lain', 'di', 'indonesia', 'dapat', 'ditarik', 'kesimpulan', 'bahwa', 'tidak', 'ada', 'rezim', 'yang', 'lebih', 'brutal', 'dalam', 'menaikkan', 'harga', 'kebutuhan', 'publik', 'selain', 'era', 'pemerintahan', 'jokowi', 'ma', 'trade', 'mark', 'ruf', 'amin', 'saat', 'ini', 'goodbyejokowi', 'fakta', 'elite', '']","['', 'membandingkan', 'rezim', 'pemerintahan', 'indonesia', 'ditarik', 'kesimpulan', 'rezim', 'brutal', 'menaikkan', 'harga', 'kebutuhan', 'publik', 'era', 'pemerintahan', 'jokowi', 'ma', 'trade', 'mark', 'ruf', 'amin', 'goodbyejokowi', 'fakta', 'elite', '']","['', 'banding', 'rezim', 'perintah', 'indonesia', 'tarik', 'simpul', 'rezim', 'brutal', 'naik', 'harga', 'butuh', 'publik', 'era', 'perintah', 'jokowi', 'ma', 'trade', 'mark', 'ruf', 'amin', 'goodbyejokowi', 'fakta', 'elite', '']"
118,Positif,hidup mahasiswa indonesia         goodbyejokowi  goodbyejokowi  ,"['hidup', 'mahasiswa', 'indonesia', 'goodbyejokowi', 'goodbyejokowi', '']","['hidup', 'mahasiswa', 'indonesia', 'goodbyejokowi', 'goodbyejokowi', '']","['hidup', 'mahasiswa', 'indonesia', 'goodbyejokowi', 'goodbyejokowi', '']"
119,Negatif,jangan kasih kendor sampai  penipu tumbang goodbyejokowi,"['jangan', 'kasih', 'kendor', 'sampai', 'penipu', 'tumbang', 'goodbyejokowi']","['kasih', 'kendor', 'penipu', 'tumbang', 'goodbyejokowi']","['kasih', 'kendor', 'tipu', 'tumbang', 'goodbyejokowi']"
120,Negatif,dibilang pemimpin  kegiatannya kayak model  dibilang model  you know lah           dibilang gagah  ya gimana ya           jadi pengen ngiris bawang sepanci      goodbyejokowi,"['dibilang', 'pemimpin', 'kegiatannya', 'kayak', 'model', 'dibilang', 'model', 'you', 'know', 'lah', 'dibilang', 'gagah', 'ya', 'gimana', 'ya', 'jadi', 'pengen', 'ngiris', 'bawang', 'sepanci', 'goodbyejokowi']","['dibilang', 'pemimpin', 'kegiatannya', 'kayak', 'model', 'dibilang', 'model', 'you', 'know', 'dibilang', 'gagah', 'ya', 'gimana', 'ya', 'pengen', 'ngiris', 'bawang', 'sepanci', 'goodbyejokowi']","['bilang', 'pimpin', 'giat', 'kayak', 'model', 'bilang', 'model', 'you', 'know', 'bilang', 'gagah', 'ya', 'gimana', 'ya', 'ken', 'ngiris', 'bawang', 'panci', 'goodbyejokowi']"
121,Negatif, ndang balio neng panggonmu   goodbyejokowi  goodbyejokowi,"['', 'ndang', 'balio', 'neng', 'panggonmu', 'goodbyejokowi', 'goodbyejokowi']","['', 'ndang', 'balio', 'neng', 'panggonmu', 'goodbyejokowi', 'goodbyejokowi']","['', 'ndang', 'balio', 'neng', 'panggon', 'goodbyejokowi', 'goodbyejokowi']"
122,Negatif,selamat pagi   buka hape kenapa yang trending goodbyejokowi  goodbyejokowi  baiknya bikin pernyataan tidak akan menuda pemilu dan cukup   periode saja sesuai undang undang sekarang  masalah selesai dengan manis  lbp diam dan tidak usah bikin gaduh dgn opini diluar tugasnya ,"['selamat', 'pagi', 'buka', 'hape', 'kenapa', 'yang', 'trending', 'goodbyejokowi', 'goodbyejokowi', 'baiknya', 'bikin', 'pernyataan', 'tidak', 'akan', 'menuda', 'pemilu', 'dan', 'cukup', 'periode', 'saja', 'sesuai', 'undang', 'undang', 'sekarang', 'masalah', 'selesai', 'dengan', 'manis', 'lbp', 'diam', 'dan', 'tidak', 'usah', 'bikin', 'gaduh', 'dgn', 'opini', 'diluar', 'tugasnya', '']","['selamat', 'pagi', 'buka', 'hape', 'trending', 'goodbyejokowi', 'goodbyejokowi', 'baiknya', 'bikin', 'pernyataan', 'menuda', 'pemilu', 'periode', 'sesuai', 'undang', 'undang', 'selesai', 'manis', 'lbp', 'diam', 'bikin', 'gaduh', 'dgn', 'opini', 'diluar', 'tugasnya', '']","['selamat', 'pagi', 'buka', 'hape', 'trending', 'goodbyejokowi', 'goodbyejokowi', 'baik', 'bikin', 'nyata', 'menuda', 'milu', 'periode', 'sesuai', 'undang', 'undang', 'selesai', 'manis', 'lbp', 'diam', 'bikin', 'gaduh', 'dgn', 'opini', 'luar', 'tugas', '']"
123,Positif,satu kata  lawan  goodbyejokowi,"['satu', 'kata', 'lawan', 'goodbyejokowi']","['lawan', 'goodbyejokowi']","['lawan', 'goodbyejokowi']"
124,Negatif,wkwkwkw pencitraan mulu  goodbyejokowi  ,"['wkwkwkw', 'pencitraan', 'mulu', 'goodbyejokowi', '']","['wkwkwkw', 'pencitraan', 'mulu', 'goodbyejokowi', '']","['wkwkwkw', 'citra', 'mulu', 'goodbyejokowi', '']"
125,Negatif, lihat kayak gini kok jangan sampai      yaa goodbyejokowi,"['', 'lihat', 'kayak', 'gini', 'kok', 'jangan', 'sampai', 'yaa', 'goodbyejokowi']","['', 'lihat', 'kayak', 'gini', 'yaa', 'goodbyejokowi']","['', 'lihat', 'kayak', 'gin', 'yaa', 'goodbyejokowi']"
126,Negatif,kalo udah sadar  kenapa gak bilang goodbyejokowi,"['kalo', 'udah', 'sadar', 'kenapa', 'gak', 'bilang', 'goodbyejokowi']","['kalo', 'udah', 'sadar', 'gak', 'bilang', 'goodbyejokowi']","['kalo', 'udah', 'sadar', 'gak', 'bilang', 'goodbyejokowi']"
127,Positif,  wkwkwk   ratusan juta             goodbyejokowi,"['', 'wkwkwk', 'ratusan', 'juta', 'goodbyejokowi']","['', 'wkwkwk', 'ratusan', 'juta', 'goodbyejokowi']","['', 'wkwkwk', 'ratus', 'juta', 'goodbyejokowi']"
128,Positif,sedang tren goodbyejokowi,"['sedang', 'tren', 'goodbyejokowi']","['tren', 'goodbyejokowi']","['tren', 'goodbyejokowi']"
129,Negatif,modal pencitraan selfi sana sini priode pertama gagal  priode kedua gagal priode ke   maksa banget  goodbyejokowi  goodbyejokowi,"['modal', 'pencitraan', 'selfi', 'sana', 'sini', 'priode', 'pertama', 'gagal', 'priode', 'kedua', 'gagal', 'priode', 'ke', 'maksa', 'banget', 'goodbyejokowi', 'goodbyejokowi']","['modal', 'pencitraan', 'selfi', 'priode', 'gagal', 'priode', 'gagal', 'priode', 'maksa', 'banget', 'goodbyejokowi', 'goodbyejokowi']","['modal', 'citra', 'selfi', 'priode', 'gagal', 'priode', 'gagal', 'priode', 'maksa', 'banget', 'goodbyejokowi', 'goodbyejokowi']"
130,Negatif,kebodohan yang harus segera diakhiri  just say  goodbyejokowi,"['kebodohan', 'yang', 'harus', 'segera', 'diakhiri', 'just', 'say', 'goodbyejokowi']","['kebodohan', 'just', 'say', 'goodbyejokowi']","['bodoh', 'just', 'say', 'goodbyejokowi']"
131,Negatif,semenjak ada mereka indonesia tidak sedang baik  saja       goodbyejokowi  ,"['semenjak', 'ada', 'mereka', 'indonesia', 'tidak', 'sedang', 'baik', 'saja', 'goodbyejokowi', '']","['semenjak', 'indonesia', 'goodbyejokowi', '']","['semenjak', 'indonesia', 'goodbyejokowi', '']"
132,Positif, semoga menjadi kenyataan   biidznillah    goodbyejokowi,"['', 'semoga', 'menjadi', 'kenyataan', 'biidznillah', 'goodbyejokowi']","['', 'semoga', 'kenyataan', 'biidznillah', 'goodbyejokowi']","['', 'moga', 'nyata', 'biidznillah', 'goodbyejokowi']"
133,Positif,goodbyejokowi  apa kabar,"['goodbyejokowi', 'apa', 'kabar']","['goodbyejokowi', 'kabar']","['goodbyejokowi', 'kabar']"
134,Negatif,sendok  don adam  kalau big data rahasia masak kita dipaksa ikut kudeta konstitusi  lha kok enak    jokowi binatang cebong amel jogja ginting kadrun tarawih ramadhan na pd inisial m ordebrutal goodbyejokowi  kamitolak priode istanasarangmafia  ,"['sendok', 'don', 'adam', 'kalau', 'big', 'data', 'rahasia', 'masak', 'kita', 'dipaksa', 'ikut', 'kudeta', 'konstitusi', 'lha', 'kok', 'enak', 'jokowi', 'binatang', 'cebong', 'amel', 'jogja', 'ginting', 'kadrun', 'tarawih', 'ramadhan', 'na', 'pd', 'inisial', 'm', 'ordebrutal', 'goodbyejokowi', 'kamitolak', 'priode', 'istanasarangmafia', '']","['sendok', 'don', 'adam', 'big', 'data', 'rahasia', 'masak', 'dipaksa', 'kudeta', 'konstitusi', 'lha', 'enak', 'jokowi', 'binatang', 'cebong', 'amel', 'jogja', 'ginting', 'kadrun', 'tarawih', 'ramadhan', 'na', 'pd', 'inisial', 'm', 'ordebrutal', 'goodbyejokowi', 'kamitolak', 'priode', 'istanasarangmafia', '']","['sendok', 'don', 'adam', 'big', 'data', 'rahasia', 'masak', 'paksa', 'kudeta', 'konstitusi', 'lha', 'enak', 'jokowi', 'binatang', 'cebong', 'amel', 'jogja', 'ginting', 'kadrun', 'tarawih', 'ramadhan', 'na', 'pd', 'inisial', 'm', 'ordebrutal', 'goodbyejokowi', 'kamitolak', 'priode', 'istanasarangmafia', '']"
135,Positif,satu lagi alasan buat goodbyejokowi,"['satu', 'lagi', 'alasan', 'buat', 'goodbyejokowi']","['alasan', 'goodbyejokowi']","['alas', 'goodbyejokowi']"
136,Positif, goodbyejokowi  goodbyejokowi  keren neh tagarnya     ,"['', 'goodbyejokowi', 'goodbyejokowi', 'keren', 'neh', 'tagarnya', '']","['', 'goodbyejokowi', 'goodbyejokowi', 'keren', 'neh', 'tagarnya', '']","['', 'goodbyejokowi', 'goodbyejokowi', 'keren', 'neh', 'tagar', '']"
137,Positif,lho kok ada tagar goodbyejokowi emangah ada apahan ya  ,"['lho', 'kok', 'ada', 'tagar', 'goodbyejokowi', 'emangah', 'ada', 'apahan', 'ya', '']","['lho', 'tagar', 'goodbyejokowi', 'emangah', 'apahan', 'ya', '']","['lho', 'tagar', 'goodbyejokowi', 'emangah', 'apahan', 'ya', '']"
138,Positif,si titi  karnataipan  tag goodbyejokowi jogja ordebrutal turu subuh inisial m,"['si', 'titi', 'karnataipan', 'tag', 'goodbyejokowi', 'jogja', 'ordebrutal', 'turu', 'subuh', 'inisial', 'm']","['si', 'titi', 'karnataipan', 'tag', 'goodbyejokowi', 'jogja', 'ordebrutal', 'turu', 'subuh', 'inisial', 'm']","['si', 'titi', 'karnataipan', 'tag', 'goodbyejokowi', 'jogja', 'ordebrutal', 'turu', 'subuh', 'inisial', 'm']"
139,Positif,happy farewell  goodbyejokowi,"['happy', 'farewell', 'goodbyejokowi']","['happy', 'farewell', 'goodbyejokowi']","['happy', 'farewell', 'goodbyejokowi']"
140,Positif,revolusi jg bukan hal tabu    tag goodbyejokowi jogja ordebrutal turu subuh inisial m,"['revolusi', 'jg', 'bukan', 'hal', 'tabu', 'tag', 'goodbyejokowi', 'jogja', 'ordebrutal', 'turu', 'subuh', 'inisial', 'm']","['revolusi', 'jg', 'tabu', 'tag', 'goodbyejokowi', 'jogja', 'ordebrutal', 'turu', 'subuh', 'inisial', 'm']","['revolusi', 'jg', 'tabu', 'tag', 'goodbyejokowi', 'jogja', 'ordebrutal', 'turu', 'subuh', 'inisial', 'm']"
141,Positif,mukidi adalah komedian paoan atas di negeri ini  nyatanya  goodbyejokowi  goodbyejokowi,"['mukidi', 'adalah', 'komedian', 'paoan', 'atas', 'di', 'negeri', 'ini', 'nyatanya', 'goodbyejokowi', 'goodbyejokowi']","['mukidi', 'komedian', 'paoan', 'negeri', 'goodbyejokowi', 'goodbyejokowi']","['mukidi', 'komedian', 'paoan', 'negeri', 'goodbyejokowi', 'goodbyejokowi']"
142,Negatif, goodbyejokowi goodbyejokowi  waduh   kalah perkasa dong    apakah akan disusul dengan lgbt barangkali  ,"['', 'goodbyejokowi', 'goodbyejokowi', 'waduh', 'kalah', 'perkasa', 'dong', 'apakah', 'akan', 'disusul', 'dengan', 'lgbt', 'barangkali', '']","['', 'goodbyejokowi', 'goodbyejokowi', 'kalah', 'perkasa', 'disusul', 'lgbt', 'barangkali', '']","['', 'goodbyejokowi', 'goodbyejokowi', 'kalah', 'perkasa', 'susul', 'lgbt', 'barangkali', '']"
143,Negatif,sadarlah pak  rakyat sdh semakin susah  mana janji  itu  goodbyejokowi since                     utc,"['sadarlah', 'pak', 'rakyat', 'sdh', 'semakin', 'susah', 'mana', 'janji', 'itu', 'goodbyejokowi', 'since', 'utc']","['sadarlah', 'rakyat', 'sdh', 'susah', 'janji', 'goodbyejokowi', 'since', 'utc']","['sadar', 'rakyat', 'sdh', 'susah', 'janji', 'goodbyejokowi', 'since', 'utc']"
144,Negatif,kalau udah ngaak di hargain lagi  baiknya anda mundur  itu lbih terhormat  pak jokowi goodbyejokowi  goodbyejokowi,"['kalau', 'udah', 'ngaak', 'di', 'hargain', 'lagi', 'baiknya', 'anda', 'mundur', 'itu', 'lbih', 'terhormat', 'pak', 'jokowi', 'goodbyejokowi', 'goodbyejokowi']","['udah', 'ngaak', 'hargain', 'baiknya', 'mundur', 'lbih', 'terhormat', 'jokowi', 'goodbyejokowi', 'goodbyejokowi']","['udah', 'ngaak', 'hargain', 'baik', 'mundur', 'lbih', 'hormat', 'jokowi', 'goodbyejokowi', 'goodbyejokowi']"
145,Positif,goodbyejokowi  ,"['goodbyejokowi', '']","['goodbyejokowi', '']","['goodbyejokowi', '']"
146,Negatif,president gagal  listrik naik  solar langka  minyak goreng selangit  pertamax naik tapi pertamina tetap rugi  subsidi di ilangkan semua  di tambah ppn naik masih aja ngotot bikin ikn  gk liat utang segunung  korupsi di jaman dia banyak goodbyejokowi goodbyejokowi  jokowigagal,"['president', 'gagal', 'listrik', 'naik', 'solar', 'langka', 'minyak', 'goreng', 'selangit', 'pertamax', 'naik', 'tapi', 'pertamina', 'tetap', 'rugi', 'subsidi', 'di', 'ilangkan', 'semua', 'di', 'tambah', 'ppn', 'naik', 'masih', 'aja', 'ngotot', 'bikin', 'ikn', 'gk', 'liat', 'utang', 'segunung', 'korupsi', 'di', 'jaman', 'dia', 'banyak', 'goodbyejokowi', 'goodbyejokowi', 'jokowigagal']","['president', 'gagal', 'listrik', 'solar', 'langka', 'minyak', 'goreng', 'selangit', 'pertamax', 'pertamina', 'rugi', 'subsidi', 'ilangkan', 'ppn', 'aja', 'ngotot', 'bikin', 'ikn', 'gk', 'liat', 'utang', 'segunung', 'korupsi', 'jaman', 'goodbyejokowi', 'goodbyejokowi', 'jokowigagal']","['president', 'gagal', 'listrik', 'solar', 'langka', 'minyak', 'goreng', 'langit', 'pertamax', 'pertamina', 'rugi', 'subsidi', 'ilangkan', 'ppn', 'aja', 'ngotot', 'bikin', 'ikn', 'gk', 'liat', 'utang', 'gunung', 'korupsi', 'jaman', 'goodbyejokowi', 'goodbyejokowi', 'jokowigagal']"
147,Positif, suka           ikutan ya  goodbyejokowi goodbyepresidenku,"['', 'suka', 'ikutan', 'ya', 'goodbyejokowi', 'goodbyepresidenku']","['', 'suka', 'ikutan', 'ya', 'goodbyejokowi', 'goodbyepresidenku']","['', 'suka', 'ikut', 'ya', 'goodbyejokowi', 'goodbyepresidenku']"
148,Negatif, mohon maaf kita dulu ber ikrar tritura  jutaan elemen  amp  mahasiswa tentu ga pernah lupa betapa pemimpin bermental diktator pro pki akhirny brhsil kami tumbangkn akankh tgl    terwujud tritura jilid ii  semoga   goodbyejokowi,"['', 'mohon', 'maaf', 'kita', 'dulu', 'ber', 'ikrar', 'tritura', 'jutaan', 'elemen', 'amp', 'mahasiswa', 'tentu', 'ga', 'pernah', 'lupa', 'betapa', 'pemimpin', 'bermental', 'diktator', 'pro', 'pki', 'akhirny', 'brhsil', 'kami', 'tumbangkn', 'akankh', 'tgl', 'terwujud', 'tritura', 'jilid', 'ii', 'semoga', 'goodbyejokowi']","['', 'mohon', 'maaf', 'ber', 'ikrar', 'tritura', 'jutaan', 'elemen', 'amp', 'mahasiswa', 'ga', 'lupa', 'betapa', 'pemimpin', 'bermental', 'diktator', 'pro', 'pki', 'akhirny', 'brhsil', 'tumbangkn', 'akankh', 'tgl', 'terwujud', 'tritura', 'jilid', 'ii', 'semoga', 'goodbyejokowi']","['', 'mohon', 'maaf', 'ber', 'ikrar', 'tritura', 'juta', 'elemen', 'amp', 'mahasiswa', 'ga', 'lupa', 'betapa', 'pimpin', 'mental', 'diktator', 'pro', 'pki', 'akhirny', 'brhsil', 'tumbangkn', 'akankh', 'tgl', 'wujud', 'tritura', 'jilid', 'ii', 'moga', 'goodbyejokowi']"
