,date,username,tweet,Tokenization,Stop_Removal,Tweet_Stemmed
0,2022-04-06 06:59:54,masaan64,bosgenk ada apa ada taggar,"['bosgenk', 'ada', 'apa', 'ada', 'taggar']","['bosgenk', 'taggar']","['bosgenk', 'taggar']"
1,2022-04-06 06:59:27,RBugeh,bosgenk sssst,"['bosgenk', 'sssst']","['bosgenk', 'sssst']","['bosgenk', 'sssst']"
2,2022-04-06 06:58:56,OmegaF1998,ak jangan biarkan mahasiswa bergerak sendirian rakyat buruh dan stm bersatulah dalam barisan,"['ak', 'jangan', 'biarkan', 'mahasiswa', 'bergerak', 'sendirian', 'rakyat', 'buruh', 'dan', 'stm', 'bersatulah', 'dalam', 'barisan']","['ak', 'biarkan', 'mahasiswa', 'bergerak', 'rakyat', 'buruh', 'stm', 'bersatulah', 'barisan']","['ak', 'biar', 'mahasiswa', 'gerak', 'rakyat', 'buruh', 'stm', 'satu', 'baris']"
3,2022-04-06 06:56:40,Aki_jupi,two period been long can wait anymore,"['two', 'period', 'been', 'long', 'can', 'wait', 'anymore']","['two', 'period', 'been', 'long', 'can', 'wait', 'anymore']","['two', 'period', 'been', 'long', 'can', 'wait', 'anymore']"
4,2022-04-06 06:56:37,mhbmuhib17,era jokowi nasakom dihidupkan kembali islam dan ummat islam disingkirkan dakwah dan ajaran islam dipelintir menjadi islam nusantara ulama dan tokoh islam dipenjarakan saatnya revolusi rakyat menghacurkan rezim jokowi tirani,"['era', 'jokowi', 'nasakom', 'dihidupkan', 'kembali', 'islam', 'dan', 'ummat', 'islam', 'disingkirkan', 'dakwah', 'dan', 'ajaran', 'islam', 'dipelintir', 'menjadi', 'islam', 'nusantara', 'ulama', 'dan', 'tokoh', 'islam', 'dipenjarakan', 'saatnya', 'revolusi', 'rakyat', 'menghacurkan', 'rezim', 'jokowi', 'tirani']","['era', 'jokowi', 'nasakom', 'dihidupkan', 'islam', 'ummat', 'islam', 'disingkirkan', 'dakwah', 'ajaran', 'islam', 'dipelintir', 'islam', 'nusantara', 'ulama', 'tokoh', 'islam', 'dipenjarakan', 'revolusi', 'rakyat', 'menghacurkan', 'rezim', 'jokowi', 'tirani']","['era', 'jokowi', 'nasakom', 'hidup', 'islam', 'ummat', 'islam', 'singkir', 'dakwah', 'ajar', 'islam', 'pelintir', 'islam', 'nusantara', 'ulama', 'tokoh', 'islam', 'penjara', 'revolusi', 'rakyat', 'menghacurkan', 'rezim', 'jokowi', 'tirani']"
5,2022-04-06 06:56:19,thaufiki1989,,[''],[''],['']
6,2022-04-06 06:52:35,CingAlung,,[''],[''],['']
7,2022-04-06 06:51:09,zeinvey,of,['of'],['of'],['of']
8,2022-04-06 06:49:44,fcm_hasbi,hampir tiap hari ada trand minta mundurr tapi sampai saat ini seperti ngak dihiraukan apa dia tdk tahu atau pura pura tdk tahu,"['hampir', 'tiap', 'hari', 'ada', 'trand', 'minta', 'mundurr', 'tapi', 'sampai', 'saat', 'ini', 'seperti', 'ngak', 'dihiraukan', 'apa', 'dia', 'tdk', 'tahu', 'atau', 'pura', 'pura', 'tdk', 'tahu']","['trand', 'mundurr', 'ngak', 'dihiraukan', 'tdk', 'pura', 'pura', 'tdk']","['trand', 'mundurr', 'ngak', 'hirau', 'tdk', 'pura', 'pura', 'tdk']"
9,2022-04-06 06:46:40,Sagarageni,silalahi satu bangsa satu tanah air satu kata,"['silalahi', 'satu', 'bangsa', 'satu', 'tanah', 'air', 'satu', 'kata']","['silalahi', 'bangsa', 'tanah', 'air']","['silalahi', 'bangsa', 'tanah', 'air']"
10,2022-04-06 06:46:04,_Zakkkkkkk,jadi giniii nah iya gitu emote batu mana nii,"['jadi', 'giniii', 'nah', 'iya', 'gitu', 'emote', 'batu', 'mana', 'nii']","['giniii', 'iya', 'gitu', 'emote', 'batu', 'nii']","['giniii', 'iya', 'gitu', 'emote', 'batu', 'nii']"
11,2022-04-06 06:45:48,Ichan_Pitoeng,felis,['felis'],['felis'],['felis']
12,2022-04-06 06:45:36,gendagenda13,,[''],[''],['']
13,2022-04-06 06:45:31,DikibulinMas,aamiiin rob mdh mak,"['aamiiin', 'rob', 'mdh', 'mak']","['aamiiin', 'rob', 'mdh', 'mak']","['aamiiin', 'rob', 'mdh', 'mak']"
14,2022-04-06 06:45:13,CingAlung,qobbull,['qobbull'],['qobbull'],['qobbull']
15,2022-04-06 06:44:29,CingAlung,,[''],[''],['']
16,2022-04-06 06:44:26,rankmudo5,agar semua berjalan normal kembali,"['agar', 'semua', 'berjalan', 'normal', 'kembali']","['berjalan', 'normal']","['jalan', 'normal']"
17,2022-04-06 06:43:18,febrianallib,kompromi aksi reformasi,"['kompromi', 'aksi', 'reformasi']","['kompromi', 'aksi', 'reformasi']","['kompromi', 'aksi', 'reformasi']"
18,2022-04-06 06:43:06,GusKevin4,silalahi turunkan jokowi,"['silalahi', 'turunkan', 'jokowi']","['silalahi', 'turunkan', 'jokowi']","['silalahi', 'turun', 'jokowi']"
19,2022-04-06 06:42:54,Hendri0692,semua pada naik,"['semua', 'pada', 'naik']",[],[]
20,2022-04-06 06:42:49,OmegaF1998,musuh kita bukan ras dan agama yang berbeda tapi penguasa zalim yang akan menghancurkan kedamaian dunia,"['musuh', 'kita', 'bukan', 'ras', 'dan', 'agama', 'yang', 'berbeda', 'tapi', 'penguasa', 'zalim', 'yang', 'akan', 'menghancurkan', 'kedamaian', 'dunia']","['musuh', 'ras', 'agama', 'berbeda', 'penguasa', 'zalim', 'menghancurkan', 'kedamaian', 'dunia']","['musuh', 'ras', 'agama', 'beda', 'kuasa', 'zalim', 'hancur', 'damai', 'dunia']"
21,2022-04-06 06:41:26,naufalyasir98,,[''],[''],['']
22,2022-04-06 06:41:15,CingAlung,inisial pelawak yakin bukan bang malih sehat terus bang malih tongtong,"['inisial', 'pelawak', 'yakin', 'bukan', 'bang', 'malih', 'sehat', 'terus', 'bang', 'malih', 'tongtong']","['inisial', 'pelawak', 'bang', 'malih', 'sehat', 'bang', 'malih', 'tongtong']","['inisial', 'lawak', 'bang', 'malih', 'sehat', 'bang', 'malih', 'tongtong']"
23,2022-04-06 06:41:05,Sagarageni,,[''],[''],['']
24,2022-04-06 06:40:24,Cakrabarani,,[''],[''],['']
25,2022-04-06 06:37:56,OmegaF1998,gak apa hari lebaran gak ada baju baru yang penting hari lebaran ada presiden baru,"['gak', 'apa', 'hari', 'lebaran', 'gak', 'ada', 'baju', 'baru', 'yang', 'penting', 'hari', 'lebaran', 'ada', 'presiden', 'baru']","['gak', 'lebaran', 'gak', 'baju', 'lebaran', 'presiden']","['gak', 'lebaran', 'gak', 'baju', 'lebaran', 'presiden']"
26,2022-04-06 06:37:54,RuzainRafie,,[''],[''],['']
27,2022-04-06 06:37:35,yahsin1989,,[''],[''],['']
28,2022-04-06 06:37:30,LiliSuparli18,assalamu alaikum hempaskan kotoran penyakit dalam hati karena orang yang memendam dendam dan benci itu akan terasa capek sendiri terlebih orang yang kamu tuju terlihat baik baik saja bahkan tersenyum tanpa membalas kebencianmu,"['assalamu', 'alaikum', 'hempaskan', 'kotoran', 'penyakit', 'dalam', 'hati', 'karena', 'orang', 'yang', 'memendam', 'dendam', 'dan', 'benci', 'itu', 'akan', 'terasa', 'capek', 'sendiri', 'terlebih', 'orang', 'yang', 'kamu', 'tuju', 'terlihat', 'baik', 'baik', 'saja', 'bahkan', 'tersenyum', 'tanpa', 'membalas', 'kebencianmu']","['assalamu', 'alaikum', 'hempaskan', 'kotoran', 'penyakit', 'hati', 'orang', 'memendam', 'dendam', 'benci', 'capek', 'orang', 'tuju', 'tersenyum', 'membalas', 'kebencianmu']","['assalamu', 'alaikum', 'hempas', 'kotor', 'sakit', 'hati', 'orang', 'pendam', 'dendam', 'benci', 'capek', 'orang', 'tuju', 'senyum', 'balas', 'benci']"
29,2022-04-06 06:36:04,ChandraGiriWir2,,[''],[''],['']
30,2022-04-06 06:35:44,chaidar_2000,,[''],[''],['']
31,2022-04-06 06:35:40,ChandraGiriWir2,,[''],[''],['']
32,2022-04-06 06:35:03,OmegaF1998,jika jokowi tidak dilengserkan secepatnya jokowi akan terus menindas kita dan jokowi akan terus menggunakan buzzerp untuk memenjarakan siapa saja yang menentangnya kita semua bisa kena,"['jika', 'jokowi', 'tidak', 'dilengserkan', 'secepatnya', 'jokowi', 'akan', 'terus', 'menindas', 'kita', 'dan', 'jokowi', 'akan', 'terus', 'menggunakan', 'buzzerp', 'untuk', 'memenjarakan', 'siapa', 'saja', 'yang', 'menentangnya', 'kita', 'semua', 'bisa', 'kena']","['jokowi', 'dilengserkan', 'secepatnya', 'jokowi', 'menindas', 'jokowi', 'buzzerp', 'memenjarakan', 'menentangnya', 'kena']","['jokowi', 'lengser', 'cepat', 'jokowi', 'tindas', 'jokowi', 'buzzerp', 'penjara', 'tentang', 'kena']"
33,2022-04-06 06:34:17,ChandraGiriWir2,,[''],[''],['']
34,2022-04-06 06:33:49,Jenglot2000,semoga,['semoga'],['semoga'],['moga']
35,2022-04-06 06:33:27,duckbusterr,aamiin,['aamiin'],['aamiin'],['aamiin']
36,2022-04-06 06:31:42,Android_AK_47,april insyah allah,"['april', 'insyah', 'allah']","['april', 'insyah', 'allah']","['april', 'insyah', 'allah']"
37,2022-04-06 06:30:55,ni0910ck,kaget sama tagar coba liat beberapa hari terakhir yang terjadi pakistan sri lanka dan masih banyak lagi,"['kaget', 'sama', 'tagar', 'coba', 'liat', 'beberapa', 'hari', 'terakhir', 'yang', 'terjadi', 'pakistan', 'sri', 'lanka', 'dan', 'masih', 'banyak', 'lagi']","['kaget', 'tagar', 'coba', 'liat', 'pakistan', 'sri', 'lanka']","['kaget', 'tagar', 'coba', 'liat', 'pakistan', 'sri', 'lanka']"
38,2022-04-06 06:30:53,kakangohan,aku hanya ingin permudah dan penghasilkan jualan aja,"['aku', 'hanya', 'ingin', 'permudah', 'dan', 'penghasilkan', 'jualan', 'aja']","['permudah', 'penghasilkan', 'jualan', 'aja']","['mudah', 'hasil', 'jual', 'aja']"
39,2022-04-06 06:30:48,Nurwati9003,trending indonesia twiter pagi ini,"['trending', 'indonesia', 'twiter', 'pagi', 'ini']","['trending', 'indonesia', 'twiter', 'pagi']","['trending', 'indonesia', 'twiter', 'pagi']"
40,2022-04-06 06:30:41,AmaliaCandraya1,semoga kita segera punya presiden baru yang berkualitas panjang umur perjuangan,"['semoga', 'kita', 'segera', 'punya', 'presiden', 'baru', 'yang', 'berkualitas', 'panjang', 'umur', 'perjuangan']","['semoga', 'presiden', 'berkualitas', 'umur', 'perjuangan']","['moga', 'presiden', 'kualitas', 'umur', 'juang']"
41,2022-04-06 06:30:36,PamanBlacks,semoga semoga perbuatan bapak semasa menjabat kepala negara segera mendapat balasan serta teguran dari alloh swt aminn,"['semoga', 'semoga', 'perbuatan', 'bapak', 'semasa', 'menjabat', 'kepala', 'negara', 'segera', 'mendapat', 'balasan', 'serta', 'teguran', 'dari', 'alloh', 'swt', 'aminn']","['semoga', 'semoga', 'perbuatan', 'menjabat', 'kepala', 'negara', 'balasan', 'teguran', 'alloh', 'swt', 'aminn']","['moga', 'moga', 'buat', 'jabat', 'kepala', 'negara', 'balas', 'tegur', 'alloh', 'swt', 'aminn']"
42,2022-04-06 06:30:32,handajani10,ayooo ikut turun dong warganet jgn berisik medsos doang tunjukkan kepedulian kalian untuk kebaikan negeri ini kita lengserkn pakde dkk bismillah semoga april terakhr pakde jadi presiden aamiin allahumma aamiin,"['ayooo', 'ikut', 'turun', 'dong', 'warganet', 'jgn', 'berisik', 'medsos', 'doang', 'tunjukkan', 'kepedulian', 'kalian', 'untuk', 'kebaikan', 'negeri', 'ini', 'kita', 'lengserkn', 'pakde', 'dkk', 'bismillah', 'semoga', 'april', 'terakhr', 'pakde', 'jadi', 'presiden', 'aamiin', 'allahumma', 'aamiin']","['ayooo', 'turun', 'warganet', 'jgn', 'berisik', 'medsos', 'doang', 'tunjukkan', 'kepedulian', 'kebaikan', 'negeri', 'lengserkn', 'pakde', 'dkk', 'bismillah', 'semoga', 'april', 'terakhr', 'pakde', 'presiden', 'aamiin', 'allahumma', 'aamiin']","['ayooo', 'turun', 'warganet', 'jgn', 'berisik', 'medsos', 'doang', 'tunjuk', 'peduli', 'baik', 'negeri', 'lengserkn', 'pakde', 'dkk', 'bismillah', 'moga', 'april', 'terakhr', 'pakde', 'presiden', 'aamiin', 'allahumma', 'aamiin']"
43,2022-04-06 06:27:55,sumantriom,rezimjokowiperusakbangsa,['rezimjokowiperusakbangsa'],['rezimjokowiperusakbangsa'],['rezimjokowiperusakbangsa']
44,2022-04-06 06:27:45,D310608,kayak gini aje viral,"['kayak', 'gini', 'aje', 'viral']","['kayak', 'gini', 'aje', 'viral']","['kayak', 'gin', 'aje', 'viral']"
45,2022-04-06 06:27:13,damik_miki,polri lapor pak,"['polri', 'lapor', 'pak']","['polri', 'lapor']","['polri', 'lapor']"
46,2022-04-06 06:27:06,sumantriom,felis rezimjokowiperusakbangsa,"['felis', 'rezimjokowiperusakbangsa']","['felis', 'rezimjokowiperusakbangsa']","['felis', 'rezimjokowiperusakbangsa']"
47,2022-04-06 06:26:02,damik_miki,sesuai konstitusi aja adek mahasiswa mahasiswi jangan dipaksain,"['sesuai', 'konstitusi', 'aja', 'adek', 'mahasiswa', 'mahasiswi', 'jangan', 'dipaksain']","['sesuai', 'konstitusi', 'aja', 'adek', 'mahasiswa', 'mahasiswi', 'dipaksain']","['sesuai', 'konstitusi', 'aja', 'adek', 'mahasiswa', 'mahasiswi', 'dipaksain']"
48,2022-04-06 06:25:54,bangZhack86,tahu apa anda ttg demokrasi,"['tahu', 'apa', 'anda', 'ttg', 'demokrasi']","['ttg', 'demokrasi']","['ttg', 'demokrasi']"
49,2022-04-06 06:25:23,sumantriom,rezimjokowiperusakbangsa,['rezimjokowiperusakbangsa'],['rezimjokowiperusakbangsa'],['rezimjokowiperusakbangsa']
50,2022-04-06 06:24:59,Arifbasa,bulan ramadhan adalah bulan perjuangan selamatkan indonesia dari cengkeramam oligarki,"['bulan', 'ramadhan', 'adalah', 'bulan', 'perjuangan', 'selamatkan', 'indonesia', 'dari', 'cengkeramam', 'oligarki']","['ramadhan', 'perjuangan', 'selamatkan', 'indonesia', 'cengkeramam', 'oligarki']","['ramadhan', 'juang', 'selamat', 'indonesia', 'cengkeramam', 'oligarki']"
51,2022-04-06 06:24:42,sumantriom,poirot didu rezimjokowiperusakbangsa,"['poirot', 'didu', 'rezimjokowiperusakbangsa']","['poirot', 'didu', 'rezimjokowiperusakbangsa']","['poirot', 'didu', 'rezimjokowiperusakbangsa']"
52,2022-04-06 06:24:13,sumantriom,rezimjokowiperusakbangsa,['rezimjokowiperusakbangsa'],['rezimjokowiperusakbangsa'],['rezimjokowiperusakbangsa']
53,2022-04-06 06:23:07,Paseo_2021,inisial,['inisial'],['inisial'],['inisial']
54,2022-04-06 06:22:33,ocongucinnn,felis rakyat mana yang mau kau tipu dengan,"['felis', 'rakyat', 'mana', 'yang', 'mau', 'kau', 'tipu', 'dengan']","['felis', 'rakyat', 'kau', 'tipu']","['felis', 'rakyat', 'kau', 'tipu']"
55,2022-04-06 06:22:22,sumantriom,,[''],[''],['']
56,2022-04-06 06:22:06,sumantriom,,[''],[''],['']
57,2022-04-06 06:22:02,anggoyyiqh17077,aamin rabbal aalaamiii,"['aamin', 'rabbal', 'aalaamiii']","['aamin', 'rabbal', 'aalaamiii']","['aamin', 'rabbal', 'aalaamiii']"
58,2022-04-06 06:21:47,ishacf,oalah buset cepetan buruan,"['oalah', 'buset', 'cepetan', 'buruan']","['oalah', 'buset', 'cepetan', 'buruan']","['oalah', 'buset', 'cepetan', 'buru']"
59,2022-04-06 06:20:47,patsamasta,cabut mandat,"['cabut', 'mandat']","['cabut', 'mandat']","['cabut', 'mandat']"
60,2022-04-06 06:19:26,chaidar_2000,ak,['ak'],['ak'],['ak']
61,2022-04-06 06:19:24,pamatangsawah1,,[''],[''],['']
62,2022-04-06 06:18:28,shellazaulinaa,yang lagi trending,"['yang', 'lagi', 'trending']",['trending'],['trending']
63,2022-04-06 06:17:36,HendraHanifah,itu strategi pemerintah mencekik rakyatnya memaksa rakyat mau gak mau tetep belu pertama bukan begitu jadi sangat wajid,"['itu', 'strategi', 'pemerintah', 'mencekik', 'rakyatnya', 'memaksa', 'rakyat', 'mau', 'gak', 'mau', 'tetep', 'belu', 'pertama', 'bukan', 'begitu', 'jadi', 'sangat', 'wajid']","['strategi', 'pemerintah', 'mencekik', 'rakyatnya', 'memaksa', 'rakyat', 'gak', 'tetep', 'belu', 'wajid']","['strategi', 'perintah', 'cekik', 'rakyat', 'paksa', 'rakyat', 'gak', 'tetep', 'belu', 'wajid']"
64,2022-04-06 06:17:00,petugaspartei,haha ksp aje menta sumbangan wkwk apalagi cuman buzzerp wkwk tenang udh siap kata pengaman oknum ngoahahaha tag jogja turu subuh inisial tito,"['haha', 'ksp', 'aje', 'menta', 'sumbangan', 'wkwk', 'apalagi', 'cuman', 'buzzerp', 'wkwk', 'tenang', 'udh', 'siap', 'kata', 'pengaman', 'oknum', 'ngoahahaha', 'tag', 'jogja', 'turu', 'subuh', 'inisial', 'tito']","['haha', 'ksp', 'aje', 'menta', 'sumbangan', 'wkwk', 'cuman', 'buzzerp', 'wkwk', 'tenang', 'udh', 'pengaman', 'oknum', 'ngoahahaha', 'tag', 'jogja', 'turu', 'subuh', 'inisial', 'tito']","['haha', 'ksp', 'aje', 'menta', 'sumbang', 'wkwk', 'cuman', 'buzzerp', 'wkwk', 'tenang', 'udh', 'kam', 'oknum', 'ngoahahaha', 'tag', 'jogja', 'turu', 'subuh', 'inisial', 'tito']"
65,2022-04-06 06:15:48,HendraHanifah,berarti klo ada kades dukung tidak dihukum kan nya gak jelas,"['berarti', 'klo', 'ada', 'kades', 'dukung', 'tidak', 'dihukum', 'kan', 'nya', 'gak', 'jelas']","['klo', 'kades', 'dukung', 'dihukum', 'nya', 'gak']","['klo', 'kades', 'dukung', 'hukum', 'nya', 'gak']"
66,2022-04-06 06:15:25,anginkoncang,yang lebih buruk dari pak dhe banyak yang lebih baik lebih banyak lagi menyerahlah demi nkri,"['yang', 'lebih', 'buruk', 'dari', 'pak', 'dhe', 'banyak', 'yang', 'lebih', 'baik', 'lebih', 'banyak', 'lagi', 'menyerahlah', 'demi', 'nkri']","['buruk', 'dhe', 'menyerahlah', 'nkri']","['buruk', 'dhe', 'serah', 'nkri']"
67,2022-04-06 06:14:19,HendraHanifah,silalahi gak salah bang kata tito kita negara demokrasi usul periode aja boleh masa usul gak boleh bismillah inshaalloh turun,"['silalahi', 'gak', 'salah', 'bang', 'kata', 'tito', 'kita', 'negara', 'demokrasi', 'usul', 'periode', 'aja', 'boleh', 'masa', 'usul', 'gak', 'boleh', 'bismillah', 'inshaalloh', 'turun']","['silalahi', 'gak', 'salah', 'bang', 'tito', 'negara', 'demokrasi', 'usul', 'periode', 'aja', 'usul', 'gak', 'bismillah', 'inshaalloh', 'turun']","['silalahi', 'gak', 'salah', 'bang', 'tito', 'negara', 'demokrasi', 'usul', 'periode', 'aja', 'usul', 'gak', 'bismillah', 'inshaalloh', 'turun']"
68,2022-04-06 06:13:55,rendichia90,gini amat jdi wni baik pajak naik mau tak mau legowo bbm naik trima hrus bpjs ngikut saja trpaksa ikut vaksin drpda sulit dlm administrasi dan syarat perjalanan,"['gini', 'amat', 'jdi', 'wni', 'baik', 'pajak', 'naik', 'mau', 'tak', 'mau', 'legowo', 'bbm', 'naik', 'trima', 'hrus', 'bpjs', 'ngikut', 'saja', 'trpaksa', 'ikut', 'vaksin', 'drpda', 'sulit', 'dlm', 'administrasi', 'dan', 'syarat', 'perjalanan']","['gini', 'jdi', 'wni', 'pajak', 'legowo', 'bbm', 'trima', 'hrus', 'bpjs', 'ngikut', 'trpaksa', 'vaksin', 'drpda', 'sulit', 'dlm', 'administrasi', 'syarat', 'perjalanan']","['gin', 'jdi', 'wni', 'pajak', 'legowo', 'bbm', 'trima', 'hrus', 'bpjs', 'ngikut', 'trpaksa', 'vaksin', 'drpda', 'sulit', 'dlm', 'administrasi', 'syarat', 'jalan']"
69,2022-04-06 06:13:46,petugaspartei,lageeh apa kabar ri masih kuat kan wkwk tag jogja turu subuh inisial tito,"['lageeh', 'apa', 'kabar', 'ri', 'masih', 'kuat', 'kan', 'wkwk', 'tag', 'jogja', 'turu', 'subuh', 'inisial', 'tito']","['lageeh', 'kabar', 'ri', 'kuat', 'wkwk', 'tag', 'jogja', 'turu', 'subuh', 'inisial', 'tito']","['lageeh', 'kabar', 'ri', 'kuat', 'wkwk', 'tag', 'jogja', 'turu', 'subuh', 'inisial', 'tito']"
70,2022-04-06 06:13:09,petugaspartei,tag jogja turu subuh inisial tito,"['tag', 'jogja', 'turu', 'subuh', 'inisial', 'tito']","['tag', 'jogja', 'turu', 'subuh', 'inisial', 'tito']","['tag', 'jogja', 'turu', 'subuh', 'inisial', 'tito']"
71,2022-04-06 06:12:54,bangZhack86,prank siden,"['prank', 'siden']","['prank', 'siden']","['prank', 'siden']"
72,2022-04-06 06:12:39,petugaspartei,air mata tito air mata buaya tag jogja turu subuh inisial tito,"['air', 'mata', 'tito', 'air', 'mata', 'buaya', 'tag', 'jogja', 'turu', 'subuh', 'inisial', 'tito']","['air', 'mata', 'tito', 'air', 'mata', 'buaya', 'tag', 'jogja', 'turu', 'subuh', 'inisial', 'tito']","['air', 'mata', 'tito', 'air', 'mata', 'buaya', 'tag', 'jogja', 'turu', 'subuh', 'inisial', 'tito']"
73,2022-04-06 06:11:52,petugaspartei,tito karnatitipan wkwk tag jogja turu subuh inisial tito,"['tito', 'karnatitipan', 'wkwk', 'tag', 'jogja', 'turu', 'subuh', 'inisial', 'tito']","['tito', 'karnatitipan', 'wkwk', 'tag', 'jogja', 'turu', 'subuh', 'inisial', 'tito']","['tito', 'karnatitipan', 'wkwk', 'tag', 'jogja', 'turu', 'subuh', 'inisial', 'tito']"
74,2022-04-06 06:11:36,HendraHanifah,felis berkar ramadhan,"['felis', 'berkar', 'ramadhan']","['felis', 'berkar', 'ramadhan']","['felis', 'berkar', 'ramadhan']"
75,2022-04-06 06:11:02,PalalaSang,iya mbak gak buka slmt pagi mbak,"['iya', 'mbak', 'gak', 'buka', 'slmt', 'pagi', 'mbak']","['iya', 'mbak', 'gak', 'buka', 'slmt', 'pagi', 'mbak']","['iya', 'mbak', 'gak', 'buka', 'slmt', 'pagi', 'mbak']"
76,2022-04-06 06:10:56,petugaspartei,rezim licik ala pki tag jogja turu subuh inisial tito,"['rezim', 'licik', 'ala', 'pki', 'tag', 'jogja', 'turu', 'subuh', 'inisial', 'tito']","['rezim', 'licik', 'ala', 'pki', 'tag', 'jogja', 'turu', 'subuh', 'inisial', 'tito']","['rezim', 'licik', 'ala', 'pki', 'tag', 'jogja', 'turu', 'subuh', 'inisial', 'tito']"
77,2022-04-06 06:10:17,petugaspartei,bongkar aja lah biar mewek lagi tito tag jogja turu subuh inisial tito,"['bongkar', 'aja', 'lah', 'biar', 'mewek', 'lagi', 'tito', 'tag', 'jogja', 'turu', 'subuh', 'inisial', 'tito']","['bongkar', 'aja', 'biar', 'mewek', 'tito', 'tag', 'jogja', 'turu', 'subuh', 'inisial', 'tito']","['bongkar', 'aja', 'biar', 'mewek', 'tito', 'tag', 'jogja', 'turu', 'subuh', 'inisial', 'tito']"
78,2022-04-06 06:10:16,Gelar_AM,udah kena virus akut serta takut kehilangan jabatan,"['udah', 'kena', 'virus', 'akut', 'serta', 'takut', 'kehilangan', 'jabatan']","['udah', 'kena', 'virus', 'akut', 'takut', 'kehilangan', 'jabatan']","['udah', 'kena', 'virus', 'akut', 'takut', 'hilang', 'jabat']"
79,2022-04-06 06:09:46,petugaspartei,rezim rakus tag jogja turu subuh inisial tito,"['rezim', 'rakus', 'tag', 'jogja', 'turu', 'subuh', 'inisial', 'tito']","['rezim', 'rakus', 'tag', 'jogja', 'turu', 'subuh', 'inisial', 'tito']","['rezim', 'rakus', 'tag', 'jogja', 'turu', 'subuh', 'inisial', 'tito']"
80,2022-04-06 06:09:24,petugaspartei,mana berani tito tag jogja turu subuh inisial tito,"['mana', 'berani', 'tito', 'tag', 'jogja', 'turu', 'subuh', 'inisial', 'tito']","['berani', 'tito', 'tag', 'jogja', 'turu', 'subuh', 'inisial', 'tito']","['berani', 'tito', 'tag', 'jogja', 'turu', 'subuh', 'inisial', 'tito']"
81,2022-04-06 06:08:21,SepihY,rakyat sudah sangat menderita dan terzolimi,"['rakyat', 'sudah', 'sangat', 'menderita', 'dan', 'terzolimi']","['rakyat', 'menderita', 'terzolimi']","['rakyat', 'derita', 'terzolimi']"
82,2022-04-06 06:08:19,firmanjz5,,[''],[''],['']
83,2022-04-06 06:05:31,themomentyousaw,mau berapapun periode akan terjadi itu kehendak allah yang allah perintahkan adalah melawan kedzaliman,"['mau', 'berapapun', 'periode', 'akan', 'terjadi', 'itu', 'kehendak', 'allah', 'yang', 'allah', 'perintahkan', 'adalah', 'melawan', 'kedzaliman']","['periode', 'kehendak', 'allah', 'allah', 'perintahkan', 'melawan', 'kedzaliman']","['periode', 'hendak', 'allah', 'allah', 'perintah', 'lawan', 'kedzaliman']"
84,2022-04-06 06:04:39,TjiangSae,satu nusa satu bangsa satukan kata kita,"['satu', 'nusa', 'satu', 'bangsa', 'satukan', 'kata', 'kita']","['nusa', 'bangsa', 'satukan']","['nusa', 'bangsa', 'satu']"
85,2022-04-06 06:03:57,Nina70608406,aku sll pengen bilang,"['aku', 'sll', 'pengen', 'bilang']","['sll', 'pengen', 'bilang']","['sll', 'ken', 'bilang']"
86,2022-04-06 06:03:55,Spuyer_Rojokan,aamiin rabbal alamin,"['aamiin', 'rabbal', 'alamin']","['aamiin', 'rabbal', 'alamin']","['aamiin', 'rabbal', 'alamin']"
87,2022-04-06 06:03:53,DSekarlangit,,[''],[''],['']
88,2022-04-06 06:03:30,militanvespa,lah masih hidup kan kenapa,"['lah', 'masih', 'hidup', 'kan', 'kenapa']",['hidup'],['hidup']
89,2022-04-06 06:02:55,DSekarlangit,anakstm,['anakstm'],['anakstm'],['anakstm']
90,2022-04-06 06:02:02,RadenKianSayang,silalahi abang sih kebangetan mosok kita diajak emangnya bisaaaaaa kalau bisa ayolah kita,"['silalahi', 'abang', 'sih', 'kebangetan', 'mosok', 'kita', 'diajak', 'emangnya', 'bisaaaaaa', 'kalau', 'bisa', 'ayolah', 'kita']","['silalahi', 'abang', 'sih', 'kebangetan', 'mosok', 'diajak', 'emangnya', 'bisaaaaaa', 'ayolah']","['silalahi', 'abang', 'sih', 'banget', 'mosok', 'ajak', 'emang', 'bisaaaaaa', 'ayo']"
91,2022-04-06 06:02:00,Chroomatic,terimakasih atas kehadirannya,"['terimakasih', 'atas', 'kehadirannya']","['terimakasih', 'kehadirannya']","['terimakasih', 'hadir']"
92,2022-04-06 06:01:02,kowy_sakhowy,yang penting perut mereka kenyang dulu masa bodo dengan nelayan dan rakyatnya,"['yang', 'penting', 'perut', 'mereka', 'kenyang', 'dulu', 'masa', 'bodo', 'dengan', 'nelayan', 'dan', 'rakyatnya']","['perut', 'kenyang', 'bodo', 'nelayan', 'rakyatnya']","['perut', 'kenyang', 'bodo', 'nelayan', 'rakyat']"
93,2022-04-06 06:00:48,Donna23329416,penderitaan oleh bangsa sendiri lebih menyakitkan drpada bangsa asing lawan penjajah merdeka atau mati,"['penderitaan', 'oleh', 'bangsa', 'sendiri', 'lebih', 'menyakitkan', 'drpada', 'bangsa', 'asing', 'lawan', 'penjajah', 'merdeka', 'atau', 'mati']","['penderitaan', 'bangsa', 'menyakitkan', 'drpada', 'bangsa', 'asing', 'lawan', 'penjajah', 'merdeka', 'mati']","['derita', 'bangsa', 'sakit', 'drpada', 'bangsa', 'asing', 'lawan', 'jajah', 'merdeka', 'mati']"
94,2022-04-06 06:00:31,DSekarlangit,,[''],[''],['']
95,2022-04-06 05:59:55,keepithink_crab,ti game over,"['ti', 'game', 'over']","['ti', 'game', 'over']","['ti', 'game', 'over']"
96,2022-04-06 05:59:53,teloogodhog,air supply,"['air', 'supply']","['air', 'supply']","['air', 'supply']"
97,2022-04-06 05:59:36,DSekarlangit,felis,['felis'],['felis'],['felis']
98,2022-04-06 05:59:10,DSekarlangit,aamiin aamii yra,"['aamiin', 'aamii', 'yra']","['aamiin', 'aamii', 'yra']","['aamiin', 'aamii', 'yra']"
99,2022-04-06 05:58:49,Donna23329416,kerja aja becus,"['kerja', 'aja', 'becus']","['kerja', 'aja', 'becus']","['kerja', 'aja', 'becus']"
100,2022-04-06 05:58:27,wiezz2,ak aamiin aamiin allahumma aamiin,"['ak', 'aamiin', 'aamiin', 'allahumma', 'aamiin']","['ak', 'aamiin', 'aamiin', 'allahumma', 'aamiin']","['ak', 'aamiin', 'aamiin', 'allahumma', 'aamiin']"
101,2022-04-06 05:56:49,RimaHawina,,[''],[''],['']
102,2022-04-06 05:56:35,ooooohm_,,[''],[''],['']
103,2022-04-06 05:56:26,PmanDGarp,pemerintahan paling brutal,"['pemerintahan', 'paling', 'brutal']","['pemerintahan', 'brutal']","['perintah', 'brutal']"
104,2022-04-06 05:56:19,keepithink_crab,atas dasar gerakan mahasiswa the and game over jokowi,"['atas', 'dasar', 'gerakan', 'mahasiswa', 'the', 'and', 'game', 'over', 'jokowi']","['dasar', 'gerakan', 'mahasiswa', 'the', 'and', 'game', 'over', 'jokowi']","['dasar', 'gera', 'mahasiswa', 'the', 'and', 'game', 'over', 'jokowi']"
105,2022-04-06 05:56:06,warrock_say,klo gak mampu serahkan yang lain islam punya solusi,"['klo', 'gak', 'mampu', 'serahkan', 'yang', 'lain', 'islam', 'punya', 'solusi']","['klo', 'gak', 'serahkan', 'islam', 'solusi']","['klo', 'gak', 'serah', 'islam', 'solusi']"
106,2022-04-06 05:55:43,SyahrilYutra,pemimpin terburuk,"['pemimpin', 'terburuk']","['pemimpin', 'terburuk']","['pimpin', 'buruk']"
107,2022-04-06 05:55:27,PmanDGarp,tanjung yang begini masih minta nambah periode,"['tanjung', 'yang', 'begini', 'masih', 'minta', 'nambah', 'periode']","['tanjung', 'nambah', 'periode']","['tanjung', 'nambah', 'periode']"
108,2022-04-06 05:55:11,annaufal31,klo yang naik maruf amin trs wakilnya jadi puan maharani lepas kandang masuk kandang,"['klo', 'yang', 'naik', 'maruf', 'amin', 'trs', 'wakilnya', 'jadi', 'puan', 'maharani', 'lepas', 'kandang', 'masuk', 'kandang']","['klo', 'maruf', 'amin', 'trs', 'wakilnya', 'puan', 'maharani', 'lepas', 'kandang', 'masuk', 'kandang']","['klo', 'maruf', 'amin', 'trs', 'wakil', 'puan', 'maharani', 'lepas', 'kandang', 'masuk', 'kandang']"
109,2022-04-06 05:54:57,AKUsetiaNKRI,reformasi jilid singkirkan rezim otoriter,"['reformasi', 'jilid', 'singkirkan', 'rezim', 'otoriter']","['reformasi', 'jilid', 'singkirkan', 'rezim', 'otoriter']","['reformasi', 'jilid', 'singkir', 'rezim', 'otoriter']"
110,2022-04-06 05:54:35,sudrajat_azhar,semoga doa kita terkabul meskipun penggantinya tdk membangun indonesia lebih baik paling tidak mengurangi hutang dan tidak membebani rakyat dengan mahal harga kebutuhan pokok,"['semoga', 'doa', 'kita', 'terkabul', 'meskipun', 'penggantinya', 'tdk', 'membangun', 'indonesia', 'lebih', 'baik', 'paling', 'tidak', 'mengurangi', 'hutang', 'dan', 'tidak', 'membebani', 'rakyat', 'dengan', 'mahal', 'harga', 'kebutuhan', 'pokok']","['semoga', 'doa', 'terkabul', 'penggantinya', 'tdk', 'membangun', 'indonesia', 'mengurangi', 'hutang', 'membebani', 'rakyat', 'mahal', 'harga', 'kebutuhan', 'pokok']","['moga', 'doa', 'kabul', 'ganti', 'tdk', 'bangun', 'indonesia', 'kurang', 'hutang', 'beban', 'rakyat', 'mahal', 'harga', 'butuh', 'pokok']"
111,2022-04-06 05:53:56,MarsellSri,mahasiswa adalah referensi rakyat mahasiswa mewakili suara rakyat,"['mahasiswa', 'adalah', 'referensi', 'rakyat', 'mahasiswa', 'mewakili', 'suara', 'rakyat']","['mahasiswa', 'referensi', 'rakyat', 'mahasiswa', 'mewakili', 'suara', 'rakyat']","['mahasiswa', 'referensi', 'rakyat', 'mahasiswa', 'wakil', 'suara', 'rakyat']"
112,2022-04-06 05:53:32,AKUsetiaNKRI,,[''],[''],['']
113,2022-04-06 05:53:02,munthe_chanel,apa yang gak naik buatnya tensi pun naik buatnya,"['apa', 'yang', 'gak', 'naik', 'buatnya', 'tensi', 'pun', 'naik', 'buatnya']","['gak', 'buatnya', 'tensi', 'buatnya']","['gak', 'buat', 'tensi', 'buat']"
114,2022-04-06 05:52:59,kesuksessanmu,akan kah jadi seruan aksi kembali akankah jadi gejayan memanggil lagi,"['akan', 'kah', 'jadi', 'seruan', 'aksi', 'kembali', 'akankah', 'jadi', 'gejayan', 'memanggil', 'lagi']","['kah', 'seruan', 'aksi', 'gejayan', 'memanggil']","['kah', 'seru', 'aksi', 'gejayan', 'panggil']"
115,2022-04-06 05:52:44,joee128,gassss,['gassss'],['gassss'],['gassss']
116,2022-04-06 05:52:22,Android_AK_47,untuk seluruh pejuang sosmed tgl waktunya kita berjuang dunia nyata satukan suara,"['untuk', 'seluruh', 'pejuang', 'sosmed', 'tgl', 'waktunya', 'kita', 'berjuang', 'dunia', 'nyata', 'satukan', 'suara']","['pejuang', 'sosmed', 'tgl', 'berjuang', 'dunia', 'nyata', 'satukan', 'suara']","['juang', 'sosmed', 'tgl', 'juang', 'dunia', 'nyata', 'satu', 'suara']"
117,2022-04-06 05:52:21,petugaspartei,standar ganda kompresor mfud wkwk tag jogja turu subuh inisial,"['standar', 'ganda', 'kompresor', 'mfud', 'wkwk', 'tag', 'jogja', 'turu', 'subuh', 'inisial']","['standar', 'ganda', 'kompresor', 'mfud', 'wkwk', 'tag', 'jogja', 'turu', 'subuh', 'inisial']","['standar', 'ganda', 'kompresor', 'mfud', 'wkwk', 'tag', 'jogja', 'turu', 'subuh', 'inisial']"
118,2022-04-06 05:51:43,nadyavelly,enough over,"['enough', 'over']","['enough', 'over']","['enough', 'over']"
119,2022-04-06 05:51:25,petugaspartei,klo big data milik internal nape luhut umbar publik bilang aje big ngibul bkn big data tag jogja turu subuh inisial,"['klo', 'big', 'data', 'milik', 'internal', 'nape', 'luhut', 'umbar', 'publik', 'bilang', 'aje', 'big', 'ngibul', 'bkn', 'big', 'data', 'tag', 'jogja', 'turu', 'subuh', 'inisial']","['klo', 'big', 'data', 'milik', 'internal', 'nape', 'luhut', 'umbar', 'publik', 'bilang', 'aje', 'big', 'ngibul', 'bkn', 'big', 'data', 'tag', 'jogja', 'turu', 'subuh', 'inisial']","['klo', 'big', 'data', 'milik', 'internal', 'nape', 'luhut', 'umbar', 'publik', 'bilang', 'aje', 'big', 'ngibul', 'bkn', 'big', 'data', 'tag', 'jogja', 'turu', 'subuh', 'inisial']"
120,2022-04-06 05:51:23,Jeeepeeeeee,kenapa mesti,"['kenapa', 'mesti']",['mesti'],['mesti']
121,2022-04-06 05:51:06,AMamun94683175,semoga,['semoga'],['semoga'],['moga']
122,2022-04-06 05:49:23,winchesterfamz,beuh buzzer anies mengcrazy,"['beuh', 'buzzer', 'anies', 'mengcrazy']","['beuh', 'buzzer', 'anies', 'mengcrazy']","['beuh', 'buzzer', 'anies', 'mengcrazy']"
123,2022-04-06 05:49:02,828_Ops,work,['work'],['work'],['work']
124,2022-04-06 05:48:58,thekieyoung,tambah lagi nihh biar tau semua sudah kenyang janji manismuu,"['tambah', 'lagi', 'nihh', 'biar', 'tau', 'semua', 'sudah', 'kenyang', 'janji', 'manismuu']","['nihh', 'biar', 'tau', 'kenyang', 'janji', 'manismuu']","['nihh', 'biar', 'tau', 'kenyang', 'janji', 'manismuu']"
125,2022-04-06 05:48:35,nuhadim2,born ntar juga jadi sampah peradaban,"['born', 'ntar', 'juga', 'jadi', 'sampah', 'peradaban']","['born', 'ntar', 'sampah', 'peradaban']","['born', 'ntar', 'sampah', 'adab']"
126,2022-04-06 05:48:06,petugaspartei,luhut dah keya perdana menteri yak ngurusin covid lpg petalite dll tag jogja turu subuh inisial,"['luhut', 'dah', 'keya', 'perdana', 'menteri', 'yak', 'ngurusin', 'covid', 'lpg', 'petalite', 'dll', 'tag', 'jogja', 'turu', 'subuh', 'inisial']","['luhut', 'dah', 'keya', 'perdana', 'menteri', 'yak', 'ngurusin', 'covid', 'lpg', 'petalite', 'dll', 'tag', 'jogja', 'turu', 'subuh', 'inisial']","['luhut', 'dah', 'keya', 'perdana', 'menteri', 'yak', 'ngurusin', 'covid', 'lpg', 'petalite', 'dll', 'tag', 'jogja', 'turu', 'subuh', 'inisial']"
127,2022-04-06 05:47:09,828_Ops,semua itu bohong,"['semua', 'itu', 'bohong']",['bohong'],['bohong']
128,2022-04-06 05:46:56,cece_fakhruddin,politik kasihan gak percaya,"['politik', 'kasihan', 'gak', 'percaya']","['politik', 'kasihan', 'gak', 'percaya']","['politik', 'kasihan', 'gak', 'percaya']"
129,2022-04-06 05:46:37,JhonRinaldo10,prestasi gub jateng yang sangat fenomenal dan fantastis vrrsi kpk entah kpk puyeng atau kompas lagi error ngakak bacanya,"['prestasi', 'gub', 'jateng', 'yang', 'sangat', 'fenomenal', 'dan', 'fantastis', 'vrrsi', 'kpk', 'entah', 'kpk', 'puyeng', 'atau', 'kompas', 'lagi', 'error', 'ngakak', 'bacanya']","['prestasi', 'gub', 'jateng', 'fenomenal', 'fantastis', 'vrrsi', 'kpk', 'kpk', 'puyeng', 'kompas', 'error', 'ngakak', 'bacanya']","['prestasi', 'gub', 'jateng', 'fenomenal', 'fantastis', 'vrrsi', 'kpk', 'kpk', 'puyeng', 'kompas', 'error', 'ngakak', 'baca']"
130,2022-04-06 05:46:07,LowonganKerjaI3,loker pkss cleaning service loker jobsquweb group,"['loker', 'pkss', 'cleaning', 'service', 'loker', 'jobsquweb', 'group']","['loker', 'pkss', 'cleaning', 'service', 'loker', 'jobsquweb', 'group']","['loker', 'pkss', 'cleaning', 'service', 'loker', 'jobsquweb', 'group']"
131,2022-04-06 05:44:44,4DemocracyID,jokowi sudah gagal boro boro periode bila tidak segera mengundurkan diri indonesia bakal menghadapi turbulensi bahkan tsunami politik,"['jokowi', 'sudah', 'gagal', 'boro', 'boro', 'periode', 'bila', 'tidak', 'segera', 'mengundurkan', 'diri', 'indonesia', 'bakal', 'menghadapi', 'turbulensi', 'bahkan', 'tsunami', 'politik']","['jokowi', 'gagal', 'boro', 'boro', 'periode', 'mengundurkan', 'indonesia', 'menghadapi', 'turbulensi', 'tsunami', 'politik']","['jokowi', 'gagal', 'boro', 'boro', 'periode', 'undur', 'indonesia', 'hadap', 'turbulensi', 'tsunami', 'politik']"
132,2022-04-06 05:44:09,461D3L_246,qobul mari kita aminkan,"['qobul', 'mari', 'kita', 'aminkan']","['qobul', 'mari', 'aminkan']","['qobul', 'mari', 'amin']"
133,2022-04-06 05:43:27,pejuangrecee3h,buzzerp nasbung,"['buzzerp', 'nasbung']","['buzzerp', 'nasbung']","['buzzerp', 'nasbung']"
134,2022-04-06 05:42:55,AnitaAnnet4,apakah iya buka tweet shock,"['apakah', 'iya', 'buka', 'tweet', 'shock']","['iya', 'buka', 'tweet', 'shock']","['iya', 'buka', 'tweet', 'shock']"
135,2022-04-06 05:42:24,Willytambunan7,,[''],[''],['']
136,2022-04-06 05:42:09,zaakiiyaa,aamiin yra,"['aamiin', 'yra']","['aamiin', 'yra']","['aamiin', 'yra']"
137,2022-04-06 05:41:59,NAsBtati,wes wayahe,"['wes', 'wayahe']","['wes', 'wayahe']","['wes', 'wayahe']"
138,2022-04-06 05:41:23,daengjoemahir,semoga rezim bisa segera taubat,"['semoga', 'rezim', 'bisa', 'segera', 'taubat']","['semoga', 'rezim', 'taubat']","['moga', 'rezim', 'taubat']"
139,2022-04-06 05:41:18,excELLENttimee,semoga pemimpin kita seperti ini aamiin insert inisial,"['semoga', 'pemimpin', 'kita', 'seperti', 'ini', 'aamiin', 'insert', 'inisial']","['semoga', 'pemimpin', 'aamiin', 'insert', 'inisial']","['moga', 'pimpin', 'aamiin', 'insert', 'inisial']"
140,2022-04-06 05:40:42,Pockymon,ada tagar udah bikin bahagia,"['ada', 'tagar', 'udah', 'bikin', 'bahagia']","['tagar', 'udah', 'bikin', 'bahagia']","['tagar', 'udah', 'bikin', 'bahagia']"
141,2022-04-06 05:40:41,Android_AK_47,,[''],[''],['']
142,2022-04-06 05:40:33,lanjanayu,sampun mawon ketimbang soyo getun tibo buri,"['sampun', 'mawon', 'ketimbang', 'soyo', 'getun', 'tibo', 'buri']","['sampun', 'mawon', 'ketimbang', 'soyo', 'getun', 'tibo', 'buri']","['sampun', 'mawon', 'ketimbang', 'soyo', 'getun', 'tibo', 'bur']"
143,2022-04-06 05:39:48,kowy_sakhowy,ikutan,['ikutan'],['ikutan'],['ikut']
144,2022-04-06 05:39:07,MelawanKezalima,ayo muka tebal ayo fak ada malu,"['ayo', 'muka', 'tebal', 'ayo', 'fak', 'ada', 'malu']","['ayo', 'muka', 'tebal', 'ayo', 'fak', 'malu']","['ayo', 'muka', 'tebal', 'ayo', 'fak', 'malu']"
145,2022-04-06 05:38:34,Kang_Comot,pengadilan nigeria menjatuhkan hukuman penjara kepada seorang kafir karena membuat postingan medsos dianggap melecehkan wilayah utara negara afrika barat itu bagaimana pagii salah,"['pengadilan', 'nigeria', 'menjatuhkan', 'hukuman', 'penjara', 'kepada', 'seorang', 'kafir', 'karena', 'membuat', 'postingan', 'medsos', 'dianggap', 'melecehkan', 'wilayah', 'utara', 'negara', 'afrika', 'barat', 'itu', 'bagaimana', 'pagii', 'salah']","['pengadilan', 'nigeria', 'menjatuhkan', 'hukuman', 'penjara', 'kafir', 'postingan', 'medsos', 'dianggap', 'melecehkan', 'wilayah', 'utara', 'negara', 'afrika', 'barat', 'pagii', 'salah']","['adil', 'nigeria', 'jatuh', 'hukum', 'penjara', 'kafir', 'postingan', 'medsos', 'anggap', 'leceh', 'wilayah', 'utara', 'negara', 'afrika', 'barat', 'pagi', 'salah']"
146,2022-04-06 05:37:52,harunst91,ada apa ini,"['ada', 'apa', 'ini']",[],[]
147,2022-04-06 05:37:26,anas2good,untuk sekali saja berbakti pada negeri ini turunlah,"['untuk', 'sekali', 'saja', 'berbakti', 'pada', 'negeri', 'ini', 'turunlah']","['berbakti', 'negeri', 'turunlah']","['bakti', 'negeri', 'turun']"
148,2022-04-06 05:37:23,Andrianzaruddi1,garut hadir geus lila aing cape dibohongan wae lalilieur sagala mahal sagala lalengitan zaman geus edan,"['garut', 'hadir', 'geus', 'lila', 'aing', 'cape', 'dibohongan', 'wae', 'lalilieur', 'sagala', 'mahal', 'sagala', 'lalengitan', 'zaman', 'geus', 'edan']","['garut', 'hadir', 'geus', 'lila', 'aing', 'cape', 'dibohongan', 'wae', 'lalilieur', 'sagala', 'mahal', 'sagala', 'lalengitan', 'zaman', 'geus', 'edan']","['garut', 'hadir', 'geus', 'lila', 'aing', 'cape', 'bohong', 'wae', 'lalilieur', 'sagala', 'mahal', 'sagala', 'lalengitan', 'zaman', 'geus', 'edan']"
149,2022-04-06 05:37:22,pejuangrecee3h,saatnya lengser,"['saatnya', 'lengser']",['lengser'],['lengser']
150,2022-04-06 05:37:20,f2dlix,tiba kangen,"['tiba', 'kangen']",['kangen'],['kangen']
151,2022-04-06 05:36:29,badriamalewa12,muak mual mules,"['muak', 'mual', 'mules']","['muak', 'mual', 'mules']","['muak', 'mual', 'mules']"
152,2022-04-06 05:35:59,pejuangrecee3h,felis,['felis'],['felis'],['felis']
153,2022-04-06 05:35:52,paipulang,tetap kawal,"['tetap', 'kawal']",['kawal'],['kawal']
154,2022-04-06 05:35:41,Android_AK_47,setelah membandingkan dengan rezim pemerintahan lain indonesia dapat ditarik kesimpulan bahwa tidak ada rezim yang lebih brutal dalam menaikkan harga kebutuhan publik selain era pemerintahan jokowi ruf amin saat ini elite,"['setelah', 'membandingkan', 'dengan', 'rezim', 'pemerintahan', 'lain', 'indonesia', 'dapat', 'ditarik', 'kesimpulan', 'bahwa', 'tidak', 'ada', 'rezim', 'yang', 'lebih', 'brutal', 'dalam', 'menaikkan', 'harga', 'kebutuhan', 'publik', 'selain', 'era', 'pemerintahan', 'jokowi', 'ruf', 'amin', 'saat', 'ini', 'elite']","['membandingkan', 'rezim', 'pemerintahan', 'indonesia', 'ditarik', 'kesimpulan', 'rezim', 'brutal', 'menaikkan', 'harga', 'kebutuhan', 'publik', 'era', 'pemerintahan', 'jokowi', 'ruf', 'amin', 'elite']","['banding', 'rezim', 'perintah', 'indonesia', 'tarik', 'simpul', 'rezim', 'brutal', 'naik', 'harga', 'butuh', 'publik', 'era', 'perintah', 'jokowi', 'ruf', 'amin', 'elite']"
155,2022-04-06 05:35:30,AbdulAz49735448,,[''],[''],['']
156,2022-04-06 05:34:52,HeartOds,,[''],[''],['']
157,2022-04-06 05:33:50,HeartOds,hidup mahasiswa indonesia,"['hidup', 'mahasiswa', 'indonesia']","['hidup', 'mahasiswa', 'indonesia']","['hidup', 'mahasiswa', 'indonesia']"
158,2022-04-06 05:33:36,f2dlix,,[''],[''],['']
159,2022-04-06 05:33:15,politizia,jangan kasih kendor sampai penipu tumbang,"['jangan', 'kasih', 'kendor', 'sampai', 'penipu', 'tumbang']","['kasih', 'kendor', 'penipu', 'tumbang']","['kasih', 'kendor', 'tipu', 'tumbang']"
160,2022-04-06 05:32:52,excELLENttimee,dibilang pemimpin kegiatannya kayak model dibilang model know lah dibilang gagah gimana jadi pengen ngiris bawang sepanci,"['dibilang', 'pemimpin', 'kegiatannya', 'kayak', 'model', 'dibilang', 'model', 'know', 'lah', 'dibilang', 'gagah', 'gimana', 'jadi', 'pengen', 'ngiris', 'bawang', 'sepanci']","['dibilang', 'pemimpin', 'kegiatannya', 'kayak', 'model', 'dibilang', 'model', 'know', 'dibilang', 'gagah', 'gimana', 'pengen', 'ngiris', 'bawang', 'sepanci']","['bilang', 'pimpin', 'giat', 'kayak', 'model', 'bilang', 'model', 'know', 'bilang', 'gagah', 'gimana', 'ken', 'ngiris', 'bawang', 'panci']"
161,2022-04-06 05:32:38,MRusdiHakim86,,[''],[''],['']
162,2022-04-06 05:32:32,Unia30275387,clina ndang balio neng panggonmu,"['clina', 'ndang', 'balio', 'neng', 'panggonmu']","['clina', 'ndang', 'balio', 'neng', 'panggonmu']","['clina', 'ndang', 'balio', 'neng', 'panggon']"
163,2022-04-06 05:32:31,Bagiduitya,selamat pagi buka hape kenapa yang trending baiknya bikin pernyataan tidak akan menuda pemilu dan cukup periode saja sesuai undang undang sekarang masalah selesai dengan manis lbp diam dan tidak usah bikin gaduh dgn opini diluar tugasnya,"['selamat', 'pagi', 'buka', 'hape', 'kenapa', 'yang', 'trending', 'baiknya', 'bikin', 'pernyataan', 'tidak', 'akan', 'menuda', 'pemilu', 'dan', 'cukup', 'periode', 'saja', 'sesuai', 'undang', 'undang', 'sekarang', 'masalah', 'selesai', 'dengan', 'manis', 'lbp', 'diam', 'dan', 'tidak', 'usah', 'bikin', 'gaduh', 'dgn', 'opini', 'diluar', 'tugasnya']","['selamat', 'pagi', 'buka', 'hape', 'trending', 'baiknya', 'bikin', 'pernyataan', 'menuda', 'pemilu', 'periode', 'sesuai', 'undang', 'undang', 'selesai', 'manis', 'lbp', 'diam', 'bikin', 'gaduh', 'dgn', 'opini', 'diluar', 'tugasnya']","['selamat', 'pagi', 'buka', 'hape', 'trending', 'baik', 'bikin', 'nyata', 'menuda', 'milu', 'periode', 'sesuai', 'undang', 'undang', 'selesai', 'manis', 'lbp', 'diam', 'bikin', 'gaduh', 'dgn', 'opini', 'luar', 'tugas']"
164,2022-04-06 05:32:07,sinxara2,satu kata lawan,"['satu', 'kata', 'lawan']",['lawan'],['lawan']
165,2022-04-06 05:31:29,cybsquad_,wkwkwkw pencitraan mulu,"['wkwkwkw', 'pencitraan', 'mulu']","['wkwkwkw', 'pencitraan', 'mulu']","['wkwkwkw', 'citra', 'mulu']"
166,2022-04-06 05:31:05,vino_tanimura,lihat kayak gini kok jangan sampai  yaa,"['lihat', 'kayak', 'gini', 'kok', 'jangan', 'sampai', 'yaa']","['lihat', 'kayak', 'gini', 'yaa']","['lihat', 'kayak', 'gin', 'yaa']"
167,2022-04-06 05:30:04,ahmad_susena,,[''],[''],['']
168,2022-04-06 05:29:34,SeenTjong,,[''],[''],['']
169,2022-04-06 05:29:00,Bekicauw,kalo udah sadar kenapa gak bilang,"['kalo', 'udah', 'sadar', 'kenapa', 'gak', 'bilang']","['kalo', 'udah', 'sadar', 'gak', 'bilang']","['kalo', 'udah', 'sadar', 'gak', 'bilang']"
170,2022-04-06 05:27:23,Joe_Bontot,felis wkwkwk ratusan juta,"['felis', 'wkwkwk', 'ratusan', 'juta']","['felis', 'wkwkwk', 'ratusan', 'juta']","['felis', 'wkwkwk', 'ratus', 'juta']"
171,2022-04-06 05:27:05,arRiz4l,sedang tren,"['sedang', 'tren']",['tren'],['tren']
172,2022-04-06 05:26:10,ahmad_susena,,[''],[''],['']
173,2022-04-06 05:25:39,AhmadAhmadkusa1,,[''],[''],['']
174,2022-04-06 05:25:18,ahmad_susena,silalahi,['silalahi'],['silalahi'],['silalahi']
175,2022-04-06 05:25:14,Android_AK_47,modal pencitraan selfi sana sini priode pertama gagal priode kedua gagal priode maksa banget,"['modal', 'pencitraan', 'selfi', 'sana', 'sini', 'priode', 'pertama', 'gagal', 'priode', 'kedua', 'gagal', 'priode', 'maksa', 'banget']","['modal', 'pencitraan', 'selfi', 'priode', 'gagal', 'priode', 'gagal', 'priode', 'maksa', 'banget']","['modal', 'citra', 'selfi', 'priode', 'gagal', 'priode', 'gagal', 'priode', 'maksa', 'banget']"
176,2022-04-06 05:25:02,Mukidioon2,,[''],[''],['']
177,2022-04-06 05:25:00,Bekicauw,kebodohan yang harus segera diakhiri just say,"['kebodohan', 'yang', 'harus', 'segera', 'diakhiri', 'just', 'say']","['kebodohan', 'just', 'say']","['bodoh', 'just', 'say']"
178,2022-04-06 05:24:58,ardimasaja,semenjak ada mereka indonesia tidak sedang baik saja,"['semenjak', 'ada', 'mereka', 'indonesia', 'tidak', 'sedang', 'baik', 'saja']","['semenjak', 'indonesia']","['semenjak', 'indonesia']"
179,2022-04-06 05:24:37,ahmad_susena,felis semoga menjadi kenyataan biidznillah,"['felis', 'semoga', 'menjadi', 'kenyataan', 'biidznillah']","['felis', 'semoga', 'kenyataan', 'biidznillah']","['felis', 'moga', 'nyata', 'biidznillah']"
180,2022-04-06 05:24:09,La_Hamu,apa kabar,"['apa', 'kabar']",['kabar'],['kabar']
181,2022-04-06 05:23:39,dndtirani,sendok don adam kalau big data rahasia masak kita dipaksa ikut kudeta konstitusi lha kok enak jokowi binatang cebong amel jogja ginting kadrun tarawih ramadhan inisial priode,"['sendok', 'don', 'adam', 'kalau', 'big', 'data', 'rahasia', 'masak', 'kita', 'dipaksa', 'ikut', 'kudeta', 'konstitusi', 'lha', 'kok', 'enak', 'jokowi', 'binatang', 'cebong', 'amel', 'jogja', 'ginting', 'kadrun', 'tarawih', 'ramadhan', 'inisial', 'priode']","['sendok', 'don', 'adam', 'big', 'data', 'rahasia', 'masak', 'dipaksa', 'kudeta', 'konstitusi', 'lha', 'enak', 'jokowi', 'binatang', 'cebong', 'amel', 'jogja', 'ginting', 'kadrun', 'tarawih', 'ramadhan', 'inisial', 'priode']","['sendok', 'don', 'adam', 'big', 'data', 'rahasia', 'masak', 'paksa', 'kudeta', 'konstitusi', 'lha', 'enak', 'jokowi', 'binatang', 'cebong', 'amel', 'jogja', 'ginting', 'kadrun', 'tarawih', 'ramadhan', 'inisial', 'priode']"
182,2022-04-06 05:23:04,Bekicauw,satu lagi alasan buat,"['satu', 'lagi', 'alasan', 'buat']",['alasan'],['alas']
183,2022-04-06 05:20:58,KangNcep8,vaduka keren neh tagarnya,"['vaduka', 'keren', 'neh', 'tagarnya']","['vaduka', 'keren', 'neh', 'tagarnya']","['vaduka', 'keren', 'neh', 'tagar']"
184,2022-04-06 05:20:15,muhamadroupp,,[''],[''],['']
185,2022-04-06 05:19:26,Mukidioon2,,[''],[''],['']
186,2022-04-06 05:19:14,Atepofficials,lho kok ada tagar emangah ada apahan,"['lho', 'kok', 'ada', 'tagar', 'emangah', 'ada', 'apahan']","['lho', 'tagar', 'emangah', 'apahan']","['lho', 'tagar', 'emangah', 'apahan']"
187,2022-04-06 05:18:12,petugaspartei,titi karnataipan tag jogja turu subuh inisial,"['titi', 'karnataipan', 'tag', 'jogja', 'turu', 'subuh', 'inisial']","['titi', 'karnataipan', 'tag', 'jogja', 'turu', 'subuh', 'inisial']","['titi', 'karnataipan', 'tag', 'jogja', 'turu', 'subuh', 'inisial']"
188,2022-04-06 05:18:07,Caberawit57,happy farewell,"['happy', 'farewell']","['happy', 'farewell']","['happy', 'farewell']"
189,2022-04-06 05:17:07,petugaspartei,revolusi bukan hal tabu tag jogja turu subuh inisial,"['revolusi', 'bukan', 'hal', 'tabu', 'tag', 'jogja', 'turu', 'subuh', 'inisial']","['revolusi', 'tabu', 'tag', 'jogja', 'turu', 'subuh', 'inisial']","['revolusi', 'tabu', 'tag', 'jogja', 'turu', 'subuh', 'inisial']"
190,2022-04-06 05:17:05,Mukidioon2,mukidi adalah komedian paoan atas negeri ini nyatanya,"['mukidi', 'adalah', 'komedian', 'paoan', 'atas', 'negeri', 'ini', 'nyatanya']","['mukidi', 'komedian', 'paoan', 'negeri']","['mukidi', 'komedian', 'paoan', 'negeri']"
191,2022-04-06 05:16:31,je_born,,[''],[''],['']
192,2022-04-06 05:15:56,kiswanto_sp,,[''],[''],['']
193,2022-04-06 05:15:43,manglaga,,[''],[''],['']
194,2022-04-06 05:15:34,Donoindiano,bdg,['bdg'],['bdg'],['bdg']
195,2022-04-06 05:15:12,CaveMan191919,waduh kalah perkasa dong apakah akan disusul dengan lgbt barangkali,"['waduh', 'kalah', 'perkasa', 'dong', 'apakah', 'akan', 'disusul', 'dengan', 'lgbt', 'barangkali']","['kalah', 'perkasa', 'disusul', 'lgbt', 'barangkali']","['kalah', 'perkasa', 'susul', 'lgbt', 'barangkali']"
196,2022-04-06 05:14:51,PejuangKeren1,sadarlah pak rakyat sdh semakin susah mana janji itu since   utc,"['sadarlah', 'pak', 'rakyat', 'sdh', 'semakin', 'susah', 'mana', 'janji', 'itu', 'since', 'utc']","['sadarlah', 'rakyat', 'sdh', 'susah', 'janji', 'since', 'utc']","['sadar', 'rakyat', 'sdh', 'susah', 'janji', 'since', 'utc']"
197,2022-04-06 05:14:47,Android_AK_47,kalau udah ngaak hargain lagi baiknya anda mundur itu lbih terhormat pak jokowi,"['kalau', 'udah', 'ngaak', 'hargain', 'lagi', 'baiknya', 'anda', 'mundur', 'itu', 'lbih', 'terhormat', 'pak', 'jokowi']","['udah', 'ngaak', 'hargain', 'baiknya', 'mundur', 'lbih', 'terhormat', 'jokowi']","['udah', 'ngaak', 'hargain', 'baik', 'mundur', 'lbih', 'hormat', 'jokowi']"
198,2022-04-06 05:14:44,Donoindiano,gerindra,['gerindra'],['gerindra'],['gerindra']
199,2022-04-06 05:14:34,JakTar9,president gagal listrik naik solar langka minyak goreng selangit pertamax naik tapi pertamina tetap rugi subsidi ilangkan semua tambah ppn naik masih aja ngotot bikin ikn liat utang segunung korupsi jaman dia banyak,"['president', 'gagal', 'listrik', 'naik', 'solar', 'langka', 'minyak', 'goreng', 'selangit', 'pertamax', 'naik', 'tapi', 'pertamina', 'tetap', 'rugi', 'subsidi', 'ilangkan', 'semua', 'tambah', 'ppn', 'naik', 'masih', 'aja', 'ngotot', 'bikin', 'ikn', 'liat', 'utang', 'segunung', 'korupsi', 'jaman', 'dia', 'banyak']","['president', 'gagal', 'listrik', 'solar', 'langka', 'minyak', 'goreng', 'selangit', 'pertamax', 'pertamina', 'rugi', 'subsidi', 'ilangkan', 'ppn', 'aja', 'ngotot', 'bikin', 'ikn', 'liat', 'utang', 'segunung', 'korupsi', 'jaman']","['president', 'gagal', 'listrik', 'solar', 'langka', 'minyak', 'goreng', 'langit', 'pertamax', 'pertamina', 'rugi', 'subsidi', 'ilangkan', 'ppn', 'aja', 'ngotot', 'bikin', 'ikn', 'liat', 'utang', 'gunung', 'korupsi', 'jaman']"
200,2022-04-06 05:14:31,Hartati44247904,suka ikutan,"['suka', 'ikutan']","['suka', 'ikutan']","['suka', 'ikut']"
201,2022-04-06 05:14:28,PopoleTv,,[''],[''],['']
202,2022-04-06 05:14:19,SaskiOktavia,nku,['nku'],['nku'],['nku']
203,2022-04-06 05:13:27,HermanBudiSant4,mohon maaf kita dulu ber ikrar tritura jutaan elemen amp mahasiswa tentu pernah lupa betapa pemimpin bermental diktator pro pki akhirny brhsil kami tumbangkn akankh tgl terwujud tritura jilid semoga,"['mohon', 'maaf', 'kita', 'dulu', 'ber', 'ikrar', 'tritura', 'jutaan', 'elemen', 'amp', 'mahasiswa', 'tentu', 'pernah', 'lupa', 'betapa', 'pemimpin', 'bermental', 'diktator', 'pro', 'pki', 'akhirny', 'brhsil', 'kami', 'tumbangkn', 'akankh', 'tgl', 'terwujud', 'tritura', 'jilid', 'semoga']","['mohon', 'maaf', 'ber', 'ikrar', 'tritura', 'jutaan', 'elemen', 'amp', 'mahasiswa', 'lupa', 'betapa', 'pemimpin', 'bermental', 'diktator', 'pro', 'pki', 'akhirny', 'brhsil', 'tumbangkn', 'akankh', 'tgl', 'terwujud', 'tritura', 'jilid', 'semoga']","['mohon', 'maaf', 'ber', 'ikrar', 'tritura', 'juta', 'elemen', 'amp', 'mahasiswa', 'lupa', 'betapa', 'pimpin', 'mental', 'diktator', 'pro', 'pki', 'akhirny', 'brhsil', 'tumbangkn', 'akankh', 'tgl', 'wujud', 'tritura', 'jilid', 'moga']"
